id,tipo,nome,indirizzo,descrizioneIt,descrizioneEn,foursquareId,contatto - fax,contatto - url,contatto - cell,contatto - nome,contatto - email,contatto - telefono,posizione - latitudine,posizione - longitudine,foto - labelEn,foto - labelIt,foto - imageUrl
b6615215-4c94-4504-8263-005342364f42,negozio,CALZATURE LUCIA,Piazza SS.Filippo e Giacomo 5 - 38037 Predazzo (TN),"Calzature Uomo, Donna e Bambino
Orari: 9.00-12.00 , 15.30-19.30","Shoes for the whole Family
Opening Time: 9 a.m.-12 p.m. , 3.30-7.30 p.m.",,+39 (0462)502424,http://,, CALZATURE LUCIA,,+39 (0462)502424,46.312836,11.602497,,,
a037b51b-3ca1-4f3d-89d7-00bb1a78364f,negozio,HOBBY MODEL CICLI,Via Roma 2/E - 38038 Tesero,"negozio giocattoli, modellismo, hobbistica, noleggio e vendita biciclette e passeggini
orari: 8.00-12.00 , 15.30-19.00
chiuso: gioved e domenica
","Toy and hobby shop - bicycle and baby-buggies rent and shop 
opening time: 8 a.m.-12 p.m. , 3.30-7 p.m.
closed on Thursday and Sunday

",,+39 (0462)812696,http://,, HOBBY MODEL CICLI,hobymodel@virgilio.it,+39 (0462)813029,46.2884629694308,11.5052175521851,,,
50f19037-6e24-433d-866f-01bf94bc5197,negozio,RICCI E CAPRICCI,Via Roma 16/a - 38037 Predazzo (TN),"Parrucchiera Unisex
Orari: 8.30-12.00 , 14.00-19.00","Unisex Hair Stylist
Opening Time: 8.30 a.m.-12 p.m. , 2-7 p.m.",,,http://,, RICCI E CAPRICCI,,+39 (0462)502550,46.311382031258,11.602463722229,,,
6c80470a-f505-490f-8683-032be41366de,negozio,SPORT DI MONTAGNA,Via Roma 8 - 38030 Castello di Fiemme,"Orari: 9.00-12.00 , 15.30-19.00
Chiuso: Gioved Mattina e Domenica","Openin Time: 9 a.m.-12 p.m. , 3.30-7 p.m.
Close: Thursday Morning and Sunday",,,http://www.largerpaolo.it,, SPORT DI MONTAGNA,largerpaolo@yahoo.it,+39 (0462)230698,46.2808631683005,11.434782743454,,,
54495b5a-f0a7-491e-9919-047a6e5e6c0e,Supermercato/minimarket,DESPAR - PREDAZZO,Via Gino Minghetti 1 - 38037 Predazzo (TN),"Supermercato
Orari: 8.00-12.30 , 16-19
Chiuso: mercoled pomeriggio e domenica","Supermarket
Opening Time: 8.00 a.m.-12.30 a.m. , 4-7 p.m.
Closed: Wednesday afternoon and Sunday",4d1e0655dd6a236a8ef22238,+39 (0462)500086,http://,, SUPERMERCATO DESPAR,,+39 (0462)500085,46.3141906611446,11.5985584259033,,,
6c797b5f-a16f-43b7-9e77-0751df66983e,negozio,HAIR FASHION BY TERRY,Piazza Scopoli 9 - 38033 Cavalese,"Parrucchiera Unisex, Consulente d'Immagine
Orari: 8.30-12.30 , 14.30-20.30
          Venerd e Sabato 8.30-20.30","Unisex Hair Stylist, Beauty Counsellor
Opening Time: 8.30 a.m. - 12.30 p.m. , 2.30-8.30 p.m.
                        Friday and Saturday 8.30 p.m.-10.30 p.m.",,,http://,+39 (0039)6730976, HAIR FASHION BY TERRY,hairfashionbyterry@hotmail.it,+39 (0039)232045,46.2912616549324,11.4603334665298,,,
13548d5b-0859-417e-a903-07e3bde62a2f,negozio,ESTETICA GLAMOUR,"Via Giovannelli A., 18 - 38030 Carano","Estetista
orari. marted,mercoled,venerd: 9.00-12.00 , 14.00-19.00 /  gioved: 13.00-23.00 / sabato: 9.00-12.00 , 13.00-17.00
Chiuso luned e domenica","Beautician and beauty center
opening time: Tur-Wed-Fri: 9 a.m.-12 p.m. , 2-7 p.m. / Thu: 1-11 p.m. / Sat 9 a.m.-12 p.m. , 1-5 p.m.
closed on Monday and Sunday

",50f2b35072da143f82feab44,,http://www.esteticaglamourwellness.it,, ESTETICA GLAMOUR,info@esteticaglamourwellness.it,+39 (0462)871793 ,46.292541,11.442625,,,
c2825dc0-beae-4d5d-abd6-080e5f066268,negozio,GINKOLOR - CAVALESE,"Via delle Genziane, 3 - 38033 Cavalese","colorificio
orari: 8.00-12.00 , 14.00-18.00
sabato: 8.00-12.00
","Paint shop
opening time: 8 a.m.-12 p.m. , 2-6 p.m.
On saturday: 8 a.m.-12 p.m.",50f96525e889882d6d57be2f,+39 (0462)239077 ,http://www.ginkolor.it,, GINKOLOR,andrea@ginkolor.it,+39 (0462)231101 ,46.2923662622991,11.4580535888672,,,
670490ef-f0b0-4e77-9fc7-0847eb2942f2,Caseificio,CASEIFICIO SOCIALE,Via Fiamme Gialle 48 - 38037 Predazzo (TN),"Produzione e Vendita diretta di Formaggi e Derivati.
Orari: 8.00-12.00 , 15.00-19.00
Chiuso: gioved
","Pruduction and Sale of cheese
Opening time: 8 a.m.-12 p.m. , 3-7 p.m.
close: Thursday",4d2048a8f7a9a1433aa32b9f,+39 (0462)503170,http://www.puzzonedimoena.com,, CASEIFICIO SOCIALE,info@puzzonedimoena.com,+39 (0462)501287,46.3043042376079,11.5946102142334,,,
08a38ca3-0c67-40da-b50f-097b360d4773,Supermercato/minimarket,FAMIGLIA COOPERATIVA - LAGO DI TESERO,Via Lago 5/a - 38038 Tesero,"Supermercato
Orari: 7.30-12.00
Chiuso: Domenica","Supermarket
Opening Time: 7.30 a.m.-12 p.m.
Close: Sunday",50fc4757c84cbb952ec9cf71,,http://www.fcvalfiemme.it,, FAMIGLIA COOPERATIVA - LAGO DI TESERO,info@fcvalfiemme.it,+39 (0462)813066,46.2818243,11.5153823,,,
ec0f2e78-65f4-40ff-be5b-09abb4269967,Noleggio sci,SPORT CERMIS DOSS DEI LARESI,Doss dei Laresi - 38033 Cavalese,"Nolleggio Sci
Orari:8.15-16.30",,,,http://www.alpecermis.it,, SPORT CERMIS,luigi.ventura@crsurfing.net,+39 (0462)231002,46.26215,11.480902,,,
04a8cfdd-62d0-4efc-876d-09cd195c55df,Prodotto di artigianato locale,AZIENDA AGRICOLA DELLADIO NICOLETTA,"Via Tresselume, 13 - 38038 Lago di Tesero","Soffice natura  la nuova linea cosmetica che ha sviluppato lazienda agricola Delladio Nicoletta, che ha la caratteristica di contenere latte di capra, munto nella propria azienda agricola. Si compone di tre prodotti:
CREMA MANI
LATTE CORPO
BURRO CACAO","A brand new cosmetic line with 3 goat milk made products:
HAND CREAM
BODY MILK
COCOA BUTTER",,,http://www.delladionicoletta.it,,NICOLETTA DELLADIO,info@delladionicoletta.it,(0039) 335 1017632,46.2817068,11.5262207,,,
2ba60c24-803d-4718-87b2-0a2a876fdd00,Prodotto enogatronomico,SALUMERIA DAGOSTIN,"Via Roma, 16 - 38030 Castello-Molina di Fiemme","Macelleria
orari: 8.00-12.00 , 16.00-19.00
chiuso domenica e gioved (fuori stagione)","Butcher Shop
opening time: 8 a.m.-12 p.m. , 4-7 p.m.
closed on Sunday and Thursday",50f9896be0e2a0d070da609b,,http://,, SALUMERIA DAGOSTIN,dagostin@dagostin.it,+39 (0462)235414,46.280158,11.434087,,,
a6653614-fa6d-4cb7-84a4-0c8ca666a0eb,negozio,GREEN POLO,Via Nazionale 24 - 38033 Carano,"Elettrodomestici, Biciclette e Fitness
Orari: 8.30-12.00 , 15.30-19.00
Chiuso: Domenica e Gioved",,50f2b9a072da143f8306a5cd,,http://,, GREEN POLO,greenpolo@akmail.it,+39 (0462)231203,46.2876474315177,11.4439988136292,,,
6804c402-ebff-48b9-be4d-0c9714e03bff,negozio,NUOVA OTTICA,Via Marconi 2/b - 38037 Predazzo (TN),"Ottica, vendita occhiali.
Orari: 9.00-12.00 , 16.00-19.00
Chiuso: gioved","Optician, Glasses.
Opening Time: 9.00 a.m.-12.00 a.m. , 4-7 p.m.
Clodes: Thursday ",,,http://,, NUOVA OTTICA,nuovaottica@teletu.it,+39 (0462)502270,46.30922,11.6018899,,,
1dfb9fb4-31a2-4d5e-b536-0f7c92472beb,negozio,HAIRSTUDIO,Via Fratelli Bronzetti 38 - 38033 Cavalese,"Parrucchiera
Orario: Marted 8.30-12.00 , 14.00-19.00; 
            Mercoled e gioved 8.30-12.00 , 14.00-22.30
            Venerd e Sabato 8.30-19.00
","Hair Stylist
Opening Time: Tuesday 8 a.m.-12 p.m. , 2-7 p.m.
                        Wednesday and Thursday 8.30 a.m.-12 p.m. , 2-10.30p.m.
                        Friday and Saturday 8.30 a.m.-7 p.m.
                        
                       ",50f95108f31cf4c2b2eafc9b,,http://,, HAIRSTUDIO,,+39 (0039)340234,46.2905388293282,11.4627635478973,,,
13b84cf3-d720-4fd5-b0a4-1021ffec7b57,negozio,SALONE CORONA,Via Stava 12/a - 38038 Tesero,"Salone e Centro Estetico
Orari:mar-gio 9.00-12 e 14.00-19.00, mer-sab 9.00-17.00, ven 9.00-19.00
Chiuso:luned e domenica",,4e393aa052b11b0b4a9de4f5,,http://,, SALONE CORONA,dondio1@tin.it,+39 (0462)813677,46.290467,11.510567,,,
1dd87e19-41e8-4efb-a0af-1116af93e179,negozio,LINEA ORO,Via Trento 25 - 38037 Predazzo (TN),"Oreficeria, Orologeria, Gioielleria.
Orari: 9.00-12.00 , 15.45-19.30
chiuso: gioved","Jewelery, Jewelry, Watches.
Opening Time:9.00 a.m-12.00 a.m. , 3.45-7.30 p.m.
Closed: Thursday

",,,http://,, LINEA ORO,lineaoropredazzo@hotmail.it,+39 (0462) 502340,46.3096,11.60199,,,
57363df0-0b3b-4072-ad1d-111c523980bd,negozio,POWER ON,Via Roma 23 - 38030 CASTELLO - MOLINA DI FIEMME,"Elettronica per vetture da competizione
Orari: luned-venerd 9.00-13.00,14.00-18.00
Chiuso:sabato e domenica",,50f9857df31ce4bb9affa032,,http://,, POWER ON,info@poweron.it,+39 (0462)341015,46.282277,11.435253,,,
a05ad921-c232-4380-b0d0-1122c798b1ae,negozio,NICOLAO CONFEZIONI,viale Mendini - 38033 Cavalese,"Articoli regalo
Orari: 9.00-12.00, 15.30-19.00
Chiuso:gioved e domenica",,,,http://,, NICOLAO CONFEZIONI,nicolaopatrizia@hotmail.com,+39 (0462)340471,46.2898864246951,11.4609611034393,,,
f46bed8e-4f0b-4104-9a28-1277d3fe13d5,negozio,NATURA VIVA,"P.zza C.Battisti, 7 - 38033 Cavalese","Ornitologia, Negozio di piccoli animali
orari: 8.30-12.00 , 15.30-19.00
","Pet's shop
opening time: 8.30 a.m.-12 p.m. , 3.30-7 p.m.
",4e2aecf8227197a112d3b3b8,,http://,, NATURA VIVA,sottorivamanuel@virgilio.it,+39 (0462)341140,46.29195,11.45907,,,
4fd68c19-4049-498f-b691-12b7813d557c,negozio,LAVANDERIA VU ZETA,via Roma 49/a - 38038 Tesero,"Lavanderia
Orari: 8.45-12.00, 15.30-18.45
Chiuso: venerd",,50e883cb011c06dc420f3e09,,http://,, LAVANDERIA VU ZETA,,+39 (0462)813751,46.2882998628196,11.5120840072632,,,
361dab8d-ba40-4c08-b51c-1484f72fbe06,negozio,ZENI SPORT,"Via IV Novembre, 21/B - 38038 Tesero","Abbigliamento - articoli sportivi - noleggio ciaspole
orari: 8.45-12.15 , 15.45-19.30
chiuso gioved e domenica
","Sportswear shop - snowshoes rent
opening time: 8.45 a.m.-12.15 p.m. , 3.45-7.30 p.m.
closed on Thursday and Sunday
",50e97ee190e7ee08defcfc73,,http://,, ZENI SPORT,alessandro.zeni1@tin.it,+39 (0462)813022,46.289145046361,11.5117514133453,,,
9057624b-be91-417c-8d3a-14e458c1a575,negozio,FRUTTA E FIORI DI VARESCO B.,"Via Nazionale, 19 - 38030 Ziano di Fiemme","Negozio frutta e fiori
orari: 8.00-12.15 , 16.00-19.15
chiuso gioved e domenica
","Grocery and flowers seller
opening time: 8 a.m.-12.15 p.m. , 4-7.15 p.m.
closed on Thursday and Sunday
",50ddbb7fe4b0c68e5c180e40,+39 (0462)571136,http://,, FRUTTA E FIORI DI VARESCO B.,,+39 (0462)571136,46.2872214,11.5626858,,,
f59dbd3b-bea5-46ac-ba38-16f65751bf08,negozio,L'ARCOBALENO,Via Molini 2 - 38030 Ziano di Fiemme,"Souvenirs, Giochi, Noleggio Mountain Bike
Orari: 9.00-12.00 , 15.30-19.00
Chiuso: Domenica","Souvenirs, Toys, Mountain Bike Rent
Opening Time: 9 a.m.-12 p.m. , 3.30-7 p.m.
Close: Sunday",4e47f2c545dd2955e5ab7d4d,,http://,, L'ARCOBALENO,etadaniel@gmail.com,+39 (0462)571387,46.2854231754945,11.5635073184967,,,
feaef7ff-3420-4e9b-bd3d-19cceb6db017,negozio,OTTICA TONINI,Via Cesare Battisti 15/a - 38037 Predazzo (TN),"Ottico e negozio occhiali
Orari: 9.00-12.00 , 15.30-19.00
chiuso: gioved","Optical and grasses
Opening Time: 9.00 a.m.-12.00 a.m. , 3.30-7 p.m.
closed: Thursday",,,http://,, OTTICA TONINI,commerciale@otticatoninimariopredazzo.it,+39 (0462)500028,46.3129753350323,11.6009294986725,,,
b57eac68-285d-42b5-96d9-1a4f0cb49bad,negozio,SALONE RITA,Via Fiamme Gialle 7/a - 38037 Predazzo (TN),"Parrucchiera
Orari: 8.30-12.00 , 14.30-19.00","Unisex Hair Stylist
Opening Time: 8.30 a.m.-12 p.m. , 2.30-7 p.m.",50f82b05e4b0961be1a1c195,,http://,, SALONE RITA,,+39 (0462)502020,46.30887,11.6018,,,
7ff89680-979a-403c-931d-1d0f30ec6e98,negozio,BARBIERIA BOSCHETTO,Via Frateli Bronzetti 22 - 38033 Cavalese,"Barbiere
Orari: 8.00-12.00 , 15.00-19.00
          Domenica 10.00-12.00
","Barber
Opening Time: 8 a.m.-12 p.m. , 3-7 p.m.
                        Sunday 10 a.m.-12 p.m.",,,https://sites.google.com/site/saloneboschetto/home,, BARBIERIA BOSCHETTO,saloneboschetto@gmail.it,+39 (0462)230155,46.2908946831255,11.4614975452423,,,
3e577368-2b0e-4ab5-aa1c-1f4cf0e589ec,negozio,AGRIFER,Loc. Piera 3 - 38038 Tesero,"Ferramenta, Prodotti Casa, Giardinaggio, Prodotti per Animali
Orari: 8.00-12.00 , 15.30-19.00
Chiuso: Domanica","Hardware Shop, Home Store, Gardening, Animal Poducts",50e85ce645b01135f31af57a,,http://www.fcvalfiemme.it,, AGRIFER,info@fcvalfiemme.it,+39 (0462)515000,46.2903460742227,11.4928150177002,,,
f796f395-2605-42cb-9d00-211fbb117e08,negozio,LA SPORTIVA - FACTORY SHOP,Via Ischia 3 - 38030 Ziano di Fiemme,"Calzature da montagna, Abbigliamento Sportivo
Orari: 9.00-12.00 , 15.30-19.00
Chiuso: Domenica","Mountain Shoes, Sport Clothes
Opening Time: 9 a.m.-12 p.m. , 3.30-7 p.m.
Close: Sunday",,,http://www.lasportiva.com,, LA SPORTIVA - FACTORY SHOP,lasportiva@lasportiva.com,+39 (0462)571800,46.2823832128706,11.5533471107483,,,
44bf5c6b-459f-4df0-8cfa-2329b82f0940,negozio,ATHENAS,"Piazza SS Filippo e Giacomo, 6  - 38037 Predazzo (TN)",,,50ec3338582ffe4ceec70588,,http://,, ATHENAS,,+39 (0462) 502988,46.312760426997,11.602463722229,,,
8486a41b-672a-4046-9f0a-23550fc1fd15,Prodotto di artigianato locale,IL MASO DELLE ERBE,"via Roma, 2/a - 38038 Tesero","Apicoltura e prodotti naturali
Orari:8.00-12.00,14.00-18.00
chiuso:sabato",,,,http://www.masoerbe.it,, IL MASO DELLE ERBE,info@masoerbe.it,+39 (0462)814753,46.288583,11.504977,,,
16521ca1-4cc4-48c3-a8ea-247d85d2273a,negozio,I MONELLI,Vicolo Rasmo 1 - 38033 Cavalese,"Parrucchiera Unisex e Accessori Moda
Orari: 9.00-12.00 , 14.30-19.00
          Venerd e Sabato 8.30-18.30","Unisex Hair Stylist and Fashion Accessories
Opening Time: 9 a.m.-12 p.m. , 2.30.7 p.m.
                        Friday and Saturday 8.30 a.m.-6.30 p.m.",,,http://,, I MONELLI,i-monelli@alice.it,+39 (0462)341681,46.2908650287307,11.4602959156036,,,
2eec9130-fb37-4140-a560-28ec562a904f,negozio,PROFUMERIA MODERNA,Via Cesare Battisti 16 - 38037 Predazzo (TN),"Profumeria, Bigiotteria, Piccola Poshetteria
Orari: 9.00-12.00 , 15.30-19.00","Perfumery, Costume Jewelry Store
Opening Time: 9 a.m.-12 p.m. , 3.30-7 p.m.",50f82870e4b07adc0bd5ba48,,http://,, PROFUMERIA MODERNA,,+39 (0462)501242,46.3132791690906,11.6008758544922,,,
bdac5c2a-5b7c-4916-a7ba-2a642a85b195,negozio,IL PUNTO BIO,Via Marconi 2/a - 38037 Predazzo (TN),"Alimentare Biologico
Orari: 8.15-12.30 , 15.30-19.30
Chiuso: gioved pomeriggio","Bio-point
Opening time: 8.15 a.m.-12.30 a.m. , 3.30-7.30 p.m.
Closed: Thursday afternoon",,,http://www.ilpuntobio.it,, IL PUNTO BIO,bio@ilpuntobio.it,+39 (0462)500066,46.30922,11.6018899,,,
a9f3c56f-d930-4a67-9670-2aa68fca90fd,negozio,SALONE ROSY,"Via Gelico, 38 - 38030 Panchi","Parrucchiera
orari: 9.00-12.00 , 14.00-19.00
chiuso luned e domenica","Hairstylist
opening time: 9 a.m.-12 p.m. , 2-7 p.m.
closed on Monday and Sunday",50fc18a7e4b03e4eace4e000,,http://,, SALONE ROSY,fabiodelvai@tiscali.it,+39 (0462)813079,46.28487,11.54138,,,
c4843a35-7433-4909-8bf2-2eafff61dcad,negozio,GI & BA,"Via Pretura, 5 - 38033 Cavalese","Abbigliamento low cost
orari: 9.30.12.00 , 16.00-19.00
","Low-cost clothing store
opening time: 9.30 a.m.-12 p.m. , 4-7 p.m.",50f96360e889882d6d54b9da,,http://www.giebapromotion.it,, GI & BA,,+39 (0462)230218,46.2907908926734,11.4612936973572,,,
49457faa-947b-4034-9751-2fd5179c11d0,negozio,IL LARICE,"via Stava,8 - 38038 Tesero","Cornici e colori
Orari:8.30-12.00, 15.30-19.00
Chiuso:gioved",,50e881d6011c06dc420c2baa,+39 (0462)810030,http://www.arteiori.it,, IL LARICE,paolalarice@gmail.com,+39 (0462)810030,46.2903164195309,11.5112900733948,,,
69ad8e9f-0755-4235-bd3a-30ea182b626a,Supermercato/minimarket,FAMIGLIA COOPERATIVA - TESERO,Via Cavada 6 - 38038 Tesero,"Supermercato, Casalinghi, Piccola Merceria, Abbigliamento
Orari: 8.00-12.15 , 16.00-19.00
Chiuso: Domenica","Supermarket, Little Home Forniture, Haberdashery, Cloths Shop
Opening Time: 8 a.m.-12.15 p.m. , 4-7 p.m.
Close: Sunday",50e878e2ebcaea3d7f1c7f78,,http://www.fcvalfiemme.it,, FAMIGLIA COOPERATIVA - TESERO,,+39 (0462)813031,46.2899976305797,11.511504650116,,,
177636e0-327d-47bb-ad7e-317a7456de30,negozio,GRAN BAZAR,"Via Dolomiti, 37/A - 38030 Castello-Molina di Fiemme","Ferramenta e utensili
orari: 8.00-12.00 , 14.00-18.30
chiuso gioved e domenica
","Ironmonger / Tool shop
opening time: 8 a.m.-12 p.m. , 2-6.30 p.m.
closed on Sunday and Thursday",50e82a0716485605cea82721,,http://www.infoastegranbazar.com,, GRAN BAZAR,astecom@infoastegranbazar.com,+39 (0462)871352,46.283395,11.441072,,,
86728764-a0de-4c24-9ec3-3205fff2036b,Mostra,GALLERIA D'ARTE,"Via Nazionale, 22 - 38030 Carano","Galleria d'arte
orari: 9.00-12.00 , 15.30-17.00
chiuso domenica","Art Gallery
opening time: 9 a.m.-12 p.m. , 3.30-5 p.m.
closed on Sunday",50f2b60772da143f830238a9,,http://www.galleriaeuropa.it,, GALLERIA D'ARTE,david@galleriaeuropa.it,+39 (0462)231311 ,46.2875139787032,11.4447927474976,,,
87201369-34b1-400a-ab5b-32f6293286c0,Supermercato/minimarket,FAMIGLIA COOPERATIVA - VARENA,"Via Mercato ,9 - 38030 Varena","Supermercato
orari: 8.00-12.00 , 15.45-18.45
chiuso:gioved e domenica","Supermarket
opening time: 8 a.m.-12 p.m. , 3.45-6.45 p.m.
closed on Thursday and Sunday",50fc52fa582f0eb2b36599ba,,http://,, FAMIGLIA COOPERATIVA - VARENA,,+39 (0462)340345,46.303461,11.456182,,,
b1d578d8-1a08-49a6-995f-38faa234e748,negozio,FOTO BONINSEGNA,Via Trento 29 - 38037 Predazzo (TN),"Fotografo, Stampe
Orari: 8.30-12.15 , 15.30-19.15
Chiuso: gioved pomeriggio","Photographer and Print.
Opening Time: 8.30 a.m.-12.15 a.m. , 3.30-7.15 p.m.
closed: Thursday afternoon",,,http://www.fotoboninsegna.blogspot.it,, FOTO BONINSEGNA,fotoboninsegna@gmail.com,+39 (0462)501105,46.30948,11.60188,,,
4ad6534c-1c08-4b80-8362-3a236fae93cd,negozio,MACELLERIA DALLAFIOR,Via Chiesa 56 - 38033 Masi di Cavalese,"Carni Nostrane e Prodotti Tipici
Orari: 8.00-12.00 , 15.30-19.00","Butcher's and Typical Local Products'Shop
Opening Time: 8 a.m.-12 p.m. , 3.30-7 p.m.",50e5dca2e4b01e9072cbce69,,http://www.macelleriadallafior.it,, MACELLERIA DALLFIOR,macelleriadallafior@gmail.com,+39 (0462)341586,46.283246,11.485075,,,
7cf6d2bb-e39c-40e7-b332-3a5d1f71bba8,negozio,GIOIELLERIA HUSKY E ALASKA,Via Fratelli Bronzetti  - 38033 Cavalese,"Gioielleria
Orari:9.00-12.30, 16.00-19.30
Chiuso:gioved",,50f965bbe889882d6d58a973,,http://,, GIOIELLERIA HUSKY E ALASKA,renatomasicchio@alice.it,+39 (0462)342166,46.2909391646876,11.4613366127014,,,
51f5176c-9ff6-4b4f-a843-3ad76baf0896,negozio,PANIFICIO TARTER,"Via Guglielmo Marconi, 17 - 38030 Castello-Molina di Fiemme","Panificio
orari: luned-gioved 6.30-12.15 , venerd-sabato 16.30-19.00
chiuso domenica","Bakery
opening time: Monday-Thursday 6.30 a.m.-12.15 p.m. / Friday-Saturday 4.30-7 p.m.
closed on Sunday

 ",50f2fd43183f7e024dd26ff7,,http://,, PANIFICIO TARTER,,+39 (0462)341568,46.272853,11.416112,,,
c0bb30f5-3852-4996-9be7-3b375bd60c7a,negozio,BATA,Via Fiamme Gialle 54 - 38037 Predazzo (TN),"Calzature
Orario: 8.30-12.30 , 15.30-19.00
           sabato: 8.30-12.30 , 14.30-19.00
chiuso: domenica

","Footwear
opening time: 8.30 a.m.- 12 p.m. , 3.30-7 p.m.
closed: Thursday
",,,http://www.dellagiacoma.org,, BATA,bata@dellagiacoma.org,+39 (0462)501787 ,46.3035556425679,11.5931725502014,,,
de3f2739-2b28-49b5-9813-3c4845bed53a,negozio,CASALINGHI BERTAGNOLLI,Piazza Dante 9  - 38033 Cavalese,"Ferramenta e Casalinghi
Orari: 7.45-12.00 , 15.00-19.00","Hardware Shop and Home Center
Opening Time: 7.45 a.m.-12 p.m. , 3-7 p.m.",,,http://,, CASALINGHI BERTAGNOLLI,bertagnollisas@yahoo.it,+39 (0462)340293,46.2923106617896,11.4586651325226,,,
966b1024-941f-4c40-a979-3ccc28cf2ed1,negozio,SALONE VALE,"Via Nazionale, 22 - 38030 Panchi","Parrucchiera
orari: 8.30-12.00 , 14.00-19.00
chiuso luned e domenica","Hairstylist
opening time 8.30 a.m.-12 p.m. , 2-7 p.m.
closed on Monday and Sunday",50fc18ece4b0ef4b9cdb45c0,,http://,, SALONE VALE,v-valery@live.it,+39 (340)8293896,46.285727162479,11.5423178672791,,,
cd7e39ba-06a6-4dfb-87e7-3de80ab413af,negozio,PANIFICIO ZORZI - CASTELLO DI FIEMME,"via Roma, 32 - 38030 Castello-Molina di Fiemme","Panificio/pasticceria
orari: 7.00-12.30 , 16.00-19.00
chiuso: domenica e gioved pomeriggio","Bakery / pastry store
opening time: 7 a.m.-12.30 p.m. , 4-7 p.m.
closed on Sunday and Thursday afternoon",50f97f71d63eef3580bb96ad,,http://,, PANIFICIO ZORZI,panificio.zorziezio@virgilio.it,+39 (0462)341482,46.2799733665449,11.4345037937164,,,
81e0d63a-0add-4088-a33d-3e2e5f601e1b,negozio,SALONE DA NELLA,Via Fratelli Bronzetti 5 - 38033 Cavalese,"Parrucchiera Unisex
Orari: Mar-Ven 8.30-12.00 , 14.30-19.00
          Sab 8.00-12.00 , 14.00-19.00  ","Unisex Hair Stylist
Opening Time: Tuesday-Friday 8.30 a.m.-12 p.m. , 2.30-7 p.m.
                        Saturday 8 p.m.-12 p.m. , 2-7 p.m.  ",,,http://,, SALONE DA NELLA,,+39 (0039)340136,46.2911986397464,11.4610040187836,,,
d531d073-f4be-49ad-96cc-3e6aeb55f0b3,negozio,SALONE LUCILLA,"Via Giovannelli A., 49 - 38030 Carano","Parrucchiera per signora
orari: 8.30-12.00 , 14.00-19.00
chiuso luned e domenica","Woman Hair stylist
opening time: 8.30 a.m.-12 p.m. , 2-7 p.m.
closed on Sunday and Monday",50f300a419a963b26466c414,,http://,, SALONE LUCILLA,lucillavaresco@virgilio.it,+39 (0462)3418247,46.2911615719562,11.4393424987793,,,
39de2f7d-ace1-4f15-bf36-3ee28277ad2e,negozio,OROLOGERIA TONINI,Via Cesare Battisti 15 - 38037 Predazzo (TN),"Orologeria e Oreficeria.
Orari: 8.00-12.00 , 15.30-19.00
Chiuso: gioved","Watches and Jewelery
Opening Time: 8.00 a.m.,12.00 , 3.30-7 p.m
Closed: Thursday",50f821e1e4b0b059f4c32817,,http://,, OROLOGERIA E OREFICERIA TONINI,,+39 (0462)501205,46.313182831645,11.600661277771,,,
7dd58eb8-06ee-4163-b740-4199d2bfdcc8,negozio,PENELOPE,via Pretura 1 - 38033 Cavalese,"Abbigliamento Donna
Orari: 9.00-12.30 , 16.00-19.30","Women's Wear
Opening Time: 9 a.m.-12.30 p.m. , 4-7.30 p.m.",5033e063e4b03bf9eee94398,,http://,, PENELOPE,,+39 (0462)231478,46.2908205471084,11.4607572555542,,,
dbbb08c6-ea49-4737-906d-433aafb2fb9e,negozio,ESTETICA DENISE,Via Stazione 5 - 38030 CASTELLO DI FIEMME,"Estetista
Orari: 9.00-12.00 , 14.00-19.30
Chiuso: Luned","Beautician
Opening Time: 9 a.m.-12 p.m. , 4-7.30 p.m.
Close: Monday",,,http://,, ESTETICA DENISE,bonelli.denise@live.it,+39 (0462)232032,46.282333,11.433308,,,
b5b0a54d-c0d6-42fc-9a42-438d848b0475,negozio,MACELLERIA 'L BORTOLETO,Via Cesare Battisti 2 - 38037 Predazzo (TN),"Macelleria e Prodotti Tipici
Orari: 7.00-12.30 , 16.00-19.30","Butcher's and Typical Local Products
Opening Time: 7 a.m.-12.30 p.m. , 4-7.30 p.m.",50f81f18e4b0f2d6fc97fabe,,http://www.macelleriadellantonio.it,, MACELLERIA 'L BORTOLETO,info@macelleriadellantonio.it,+39 (0462)501231,46.31321,11.600849,,,
928b0424-82f8-4dda-9b45-439d7ed2c4a0,Prodotto enogatronomico,PER BACCO,Via Venzan 13 - 38030 Panchi,"Vinoteca, Artigianato, Idee Regalo
Orari: 9.00-12.30, 15.30-19.00",,,,http://,, PER BACCO,,+39 (0462)810240,46.2872619002776,11.5312564373016,,,
37f70c8f-0a9b-4829-919f-43b703e4b7a4,negozio,MODA & ACCESSORI,Via Trento 10 - 38037 Predazzo (TN),"Orari: 9.00-12.00 , 16.00-19.00
Chiuso: Gioved","Opening Time: 9 a.m.-12 p.m. , 4-7 p.m.
Close: Thursday",,,http://,, MODA & ACCESSORI,,+39 (0462)500183,46.3105520127771,11.6022062301636,,,
db6f59cb-d4bd-41f3-9aee-43cc00342147,Noleggio sci,SPORT LATEMAR,Loc. Stalimen - 38037 Predazzo (TN),"Articoli sportivi e noleggio sci
Orari: 8.30-19.00","Sporting goods and Ski hire
opening time: 8.30 a.m.-7 p.m.",,,http://www.sportventura.it,, SPORT LATEMAR,info@sportlatemar.it,+39 (0462)502634,46.3283575936004,11.6015410423279,,,
c6c99744-9628-48a6-830d-44e75a8ec02f,negozio,BONINSEGNA TABACCHI E RICEVITORIA,Via Sorelle Sighel 17 - 38033 Cavalese,"Orari: luned-sabato 7.00-12.30, 15.30-19.00 domenica 7.00-12.30",,50f469a129a62edf0972e1eb,,http://,+39 (0462)248106, BONINSEGNA TABACCHI E RICEVITORIA,,+39 (0462)235393,46.2907167565159,11.4618945121765,,,
6784f080-1305-4425-ae6a-45ce40b2b0ef,Supermercato/minimarket,FAMIGLIA COOPERATIVA - CARANO,Piazza Mich 1 - 38033 Carano,"Supermercato
Orari: 7.30-12.00 , 16.00-18.30
Chiuso: Marted e Gioved Pomeriggio","Supermarket
Opening Time: 7.30 a.m.-12 p.m. , 4-6.30 p.m.
Close: Tuesday and Thursday Afternoon",50f2b3d772da143f82ff5ed2,+39 (0462)239726,http://www.coopcavalese.it,, FAMIGLIA COOPERATIVA - CARANO,carano@coopcavalese.it,+39 (0462)340247,46.2918139614005,11.4383983612061,,,
9a72fb91-8919-4174-bd39-4609501198c2,negozio,ACQUA E SAPONE,Via Barattieri - 38033 Cavalese,"Cosmetica-igiene della Persona- Casa
orari: 8.30-19.30
","Cosmetics, hygiene and home store
Opening time: 8.30 a.m.-7.30 p.m.
",4e6b63a288772457c4dcd404,,http://www.acquaesapone.it,, ACQUA E SAPONE,,+39 (0462)232313 ,46.2913172565068,11.4617872238159,,,
f056cc04-25da-44aa-a7bb-46b6cb310b48,negozio,SALONE ROSALBA,Via Cesare Battisti 19 - 38037 Predazzo (TN),"Parrucchiera Unisex
Orari: Marted,Mercoled,Gioved 9.00-12.00 , 14.30-19.00
          Venerd e Sabato 8.30-19.00
",,50f82b47e4b0676be4d35e17,,http://,, SALONE ROSALBA,,+39 (0462)501455,46.31321,11.600849,,,
f64c9793-2e41-45b8-bdc0-46ed6a01063f,negozio,ESTETICA VERA,Via Chiesa 85 - 38033 Masi di Cavalese,"Estetista
Orari: 9.00-12.00 , 15.00-19.00
Chiuso: Domenica e Luned
","Beauty Specialist
Opening Time: 9 a.m.-12 p.m. , 3-7 p.m.",50e5dbe2e4b0033542b48765,,http://,, ESTETICA VERA,,+39 (0462)230759,46.283632,11.487392,,,
e60e2b66-2497-45f9-bd2e-487e4bf81ca4,negozio,UNITED COLORS OF BENETTON,Via Fratelli Bronzetti 35 - 38033 Cavalese,"Abbigliamento Bambino
Orario: 9.00-12.00 , 15.00-19.00","Children Clothes Shop
Opening Time: 9 a.m.-12 p.m. , 3-7 p.m.",4da31f598a3188bfed9cffcf,,http://,, UNITED COLORS OF BENETTON,silvio@gardener.it,+39 (0462)231484,46.2908798559301,11.4621520042419,,,
72a39831-90ac-4984-820a-493d0b623938,negozio,SALONE RAFFY,Via Verdi 10 - 38030 Ziano di Fiemme,"Parrucchiera Unisex
Orari: 9.00-11.30 , 15.00-19.00
Chiuso: Domenica e Luned","Unisex Hair Stylist
Opening Time: 9-11.30 a.m. , 3-7 p.m.
Close: Sunday and Monday",50fc72aec84cbb952f09f625,,http://,, SALONE RAFFY,,+39 (349)5947826,46.285849,11.564081,,,
ea08a647-5088-4c2e-8695-4a9124f9ecbc,negozio,HAMMERFEST,Via IX Novembre 9 - 38037 Predazzo (TN),"Casa del Piumino - Arredo casa
Orari: 9.00-12.30 , 15.30-19.00
Chiuso: gioved mattino e domenica","Duvet home
Opening time: 9.00 a.m.-12.30 a.m. , 3.30-7 p.m.
Closed: Thursday morning and Sunday",,,http://www.hammerfest.it,, HAMMERFEST,info@nordpiumini.it,+39 (0462) 500136,46.3113153338095,11.6033542156219,,,
b903606a-1aac-4f71-92b9-4b7586aa2e2b,Noleggio sci,SKI SERVICE,via Cascata 7 - 38033 Cavalese,"Nolleggio e Riparazione Sci
Orari:8.00-12.00, 14.00/15.00-19.00",,50f6deace88923df2c87f71b,,http://,, SKI SERVICE,,+39 (0462)231760,46.2903534878932,11.4601349830627,,,
e70befd3-790f-4bb5-9444-4d57bd5cfe96,Prodotto di artigianato locale,PROGETTO LEGNO,Corso Dolomiti 54 - 38037 Predazzo (TN),"Fai-da-te in legno, Giocattoli in Legno, Legno da ardere e Arredo Esterno in Legno
Orari: 8.00-12.00 , 14.30-16.30","Wooden Do-it-yourself, Wooden Toys, Exterior Forniture
Opening Time: 8 a.m.-12 p.m. , 2.30-4.30 p.m.",,,http://www.progettolegnosnc.it,, PROGETTO LEGNO,info@progettolegnosnc.it,+39 (0462)501115,46.3151196,11.5979268,,,
8d161d9d-c485-4660-bfe5-5056a97e81a0,negozio,TABACCHI E GIORNALI - PREDAZZO,Via Dellagiacoma 3 - 38037 Predazzo (TN),"Tabacchi e Giornali
Orari: 7.00-12.15 , 15.30-19.30",,50f82e2fe4b0bf9b522273fc,,http://,, TABACCHI E GIORNALI,ebordiga@gmail.com,+39 (0462)501931,46.31271,11.6027799,,,
7695be5a-1561-405a-8820-51a14313dbb1,negozio,SALONE PER SIGNORA,Via Latemar 1 - 38030 CASTELLO DI FIEMME,"Parrucchiera Unisex
Orari: 9.00-12.00 , 14.00-19.00
Chiuso: Luned","Unisex Hair Stylist
Opening Time: 9 a.m.-12 p.m. , 2-7 p.m.
Close: Monday",50f98d7de0e2a0d070e1072a,,http://,, SALONE PER SIGNORA,marina.dallabona@gmail.com,+39 (0462)341381,46.282323,11.436412,,,
c4d417b7-b5ee-4b5c-9fd5-526143860c21,negozio,MACELLERIA DZALAGONIA,Corso Dolomiti 1 - 38037 Predazzo (TN),"Macelleria e Salumeria
Orari: 7.00-12.00 , 16.00-19.00","Butcher's Shop
Opening Time: 7 a.m.-12 p.m. , 4-7 p.m.",50f81dcbe4b06fb43da3478a,,http://,+39 (0462)501342, MACELLERIA DZALAGONIA,,+39 (0462)501342,46.3135830014621,11.6003501415253,,,
40ecff8d-6778-4ab2-a12b-54d4d9da1f43,Prodotto enogatronomico,BOSIN SPECK,Via Oss Mazzurana 13  - 38037 Predazzo (TN),"Produzione e spaccio aziendale prodotti tipici.
Orari: 7.00-19.00 continuato
 ","Production and farm shop of local products.
Opening Time: 7.00 a.m. , 7.00 p.m. all day",,+39 (0462) 502082,http://www.bosinspeck.it,, BOSIN SPECK,info@bosinspeck.it,+39 (0462) 502348 ,46.304087,11.592675,,,
8876508f-56e8-4af5-a8b1-5649890ccfdb,negozio,FIORERIA BRUNEL,via Ress 10 - 38033 Cavalese,"Fioreria e Scarpe Donna
Orari: 9.00-12.00 , 16.00-19.00","Florist and Shoe Shop
Opening Time: 9 a.m.-12 p.m. , 4-7 p.m.",50f9613ed63eef35808c7914,,http://,, FIORERIA BRUNEL,,+39 (0462)341139,46.2904350382019,11.4602959156036,,,
d0deef93-9461-4d0a-bbc0-5688b640c952,negozio,SALONE IDEA,Via Benesin 13 - 38038 Tesero,"Parrucchiera Unisex
Orari: 8.30-12.00 , 14.30-19.00
          Venerd e Sabato: 8.30-12.00 , 14.00-19.00
Chiuso: Domenica e Luned","Unisex Hair stylist
Opening Time: 8.30 a.m.-12 p.m., 2.30-7 p.m.
                        Friday and Saturday 8.30 a.m.-12 p.m. , 2-7 p.m.
Close: Sunday and Monday",50e977f219a9ad111960556d,,http://,, SALONE IDEA,,+39 (0462)814306,46.2896936672936,11.5106678009033,,,
d5530056-ef38-459e-9b58-5711662827da,Prodotto di artigianato locale,ARTISTICA FELIX - CAVALESE,"Via Fratelli Bronzetti,24 - 38033 Cavalese","Articoli da regalo
Orari:9.00-12.00,16.00-19.00
Chiuso:domenica",,50f44f4129a62edf094cb5df,,http://,, ARTISTICA FELIX,,+39 (0462)235744,46.29056,11.46305,,,
3e95e223-e1de-450f-bb0d-5729e08b5d82,negozio,BOUTIQUE SEVENTEEN,Via Fratelli Bronzetti 17 - 38033 Cavalese,"Abbigliamento
Orari: 9.30-12.00 , 16.00-19.00 ","Clothes Shop
Opening Time: 9.30 a.m.-12 p.m. , 4-7 p.m.",50f46a6c29a62edf09741733,,http://,, BOUTIQUE SEVENTEEN,,+39 (0462)341488,46.2910911430855,11.4613205194473,,,
880745f8-f72f-4a10-8dfc-57538198d4ef,negozio,CALZATURE VINANTE,"Via Roma, 88 - 38038 Tesero","Calzature e borse
orari: 9.00-12.00 , 15.30-19.00
chiuso: gioved e festivi
","Shoes and Bags shop
opening time: 9 a.m.-12 p.m. , 3.30.7 p.m.
closed on Thursday and Sunday",50fc3e19c84cbb952ebb6ee1,,http://,, CALZATURE VINANTE,,+39 (0462)813236,46.28817,11.512262,,,
67c1ca75-a024-4481-b776-577224dc47b2,negozio,VALLE CALZATURE,Via Nazionale 19 - 38030 Ziano di Fiemme,"Calzature, Borse, Valigie, Abbigliamento
Orari: 8.00-12.00 , 15.30-19.00
Chiuso: Gioved Pomeriggio","Shoes, Bags, Suitcases, Clothes
Opening Time: 8 a.m.-12 p.m. , 3.30-7 p.m.
Close: Thursday Afternoon",50fc6c4fc84cbb952f00be1c,,http://,, VALLE CALZATURE,luca.valle@virgilio.it,+39 (0462)570058,46.2872214,11.5626858,,,
74e3387f-0d52-4639-8d4f-57d65c894cde,Supermercato/minimarket,EUROSPIN DISCOUNT,Via Nazionale 20 - 38030 Carano,"Orari: 8.00-12.00 , 15.30-19.00
Chiuso: Gioved e Domencia","Opening Time: 8 a.m.-12 p.m. , 3.30-7 p.m.
Close: Thursday and Sunday",,+39 (0462)239581,http://www.eurospin.it,, EUROSPIN DISCOUNT,eurospin.cavalese@gmail.com,+39 (0462)232414,46.2874101818449,11.4445352554321,,,
b6585b5e-cfea-4a55-8d5e-59ee672d5253,negozio,GILMOZZI ELETTROSOC,"Via Socce,2 - 38038 Tesero","Elettrodomestici, TV e telefonia
Orari:8.30-12.00, 15.00-19.00
Chiuso: gioved",,50e446bce4b053b50eda2f69,,http://www.elettrosoc.it,, GILMOZZI ELETTROSOC,vendita@elettrosoc.it,+39 (0462)813120,46.288855,11.5069199,,,
55637dc8-68e2-4501-bebc-5a7aa5049431,negozio,TOELETTATURA LA BOTTEGA DELLE ERBE,Via IX Novembre 8 - 38037 Predazzo (TN),"Toelettatura e negozio per animali
orari: 9.00-12.30 , 16.00-19.30
chiuso: gioved pomeriggio","Grooming for animals and shop
Opening Time: 9.00a.m.-12.30 a.m. , 4-7.30 p.m.
closed: Thursday afternoon",,,http://,, TOELETTATURA LA BOTTEGA DELLE ERBE,info@bottegadelleerbe.com,+39 (0462)502484,46.3109522018304,11.602828502655,,,
0bcdb720-e0bb-4b37-ba82-5c1243bc13de,negozio,GREASE,"Via Segherie, 52 - 38030 Castello-Molina di Fiemme","Parrucchiera
orari:mar e ven 8:30-12.00 , 14.00-19.00 / mer e giov 8.30-12.00 , 14.00-18.00 / sab 8.30-16.30
chiuso luned-domenica 
","Hairstylist
opening time: Tursday and Friday 8.30 a.m.-12 p.m. , 2-7 p.m. / Wednesday and Thursday 8.30 a.m.-12 p.m. , 2-6 p.m. / Saturday 8.30 a.m.-4.30 p.m.
closed on Monday and Sunday
",50e458c1e4b03fab08fc7c87,,http://,, GREASE,,+39 (0462)231166,46.2726157,11.4192199,,,
a2108068-8f9a-4faa-9be4-5da317157c45,negozio,OTTICA TONINI VIDOLA,"Via Roma, 54 - 38038 Tesero","ottica - argenti e bijoux
orari: 9.00-12.00 , 14.00-19.00 / venderd 17.00-21.00
chiuso: domenica, marted e gioved pomeriggio

","Optic - bijoux
opening time: 9 a.m.-12 p.m. , 2-7 p.m. , on Friday: 5-9 p.m.
Closed on Sunday, Tursday and Thursday afternoon


",50e44e32e4b0cf8b5ab807d9,,http://,, OTTICA TONINI VIDOLA,info@toninividola.it,+39 (0462)814556,46.289412,11.5097609,,,
876036b0-9d46-42fb-86be-5ea66f20eb74,negozio,VAT ELETTRODOMESTICI,"Via IV Novembre, 6 - 38038 Tesero","Elettrodomestici e assistenza tecnica
orari: 8.30-12.00 , 15.30-19.00
chiuso gioved e domenica
","Appliance shop and technical services
opening time: 8.30 a.m.-12 p.m. , 3.30-7 p.m.
closed on Thursday and Sunday",50e97e7090e7ee08defc4d65,,http://,, VAT ELETTRODOMESTICI,vatvinante@virgilio.it,+39 (0462)813177,46.2887743534309,11.5125346183777,,,
4dc78a78-5665-4677-9ebe-61197bda6b39,negozio,PANET SPORT E OFFICINA,Via Fiamme Gialle 40 - 38037 Predazzo (TN),"Abbigliamento Sportivo-Abbigliamento e calzature Moda
Orari: 9.00-12.15 , 15.30-19.15","Sportswear, Clothing and footwear fashion
Opening Time: 9 a.m.-12.15 a.m. , 3.30-7.15 p.m.
",,,http://,, SPORT PANET E OFFICINA,sportpanet@cr-surfing.net,+39 (0462)500369,46.3039114117841,11.5938806533813,,,
85debd31-3680-492d-9247-6270aaf9847a,negozio,POLARIS - PREDAZZO,Via Alpini 2/a - 38037 Predazzo (TN),"Abbigliamento Uomo e Donna
Orari: 9.00-12.00 , 15.30-19.00","Dress Shop
Opening Time: 9.00 a.m.-12.00 a.m. , 3.30-7 p.m.",50e45b25e4b04716696ec7f9,,http://,, POLARIS,,+39 (0462)502820,46.31026,11.602335,,,
cec4a94a-462d-4daf-ad52-64820afc8bbf,negozio,CALZATURE MONSORNO,"P.zza Verdi, 9 - 38033 Cavalese","Calzature e pelletteria
orari: 9.00-12.00 , 15.30-19.00
","Shoes and leather shop
opening time: 9 a.m.-12 p.m. , 3.30-7 p.m.
",50f46b5729a62edf09757f37,,http://,, CALZATURE MONSORNO,,+39 (0462)340295,46.2905907248177,11.4605104923248,,,
874ebd41-7c40-4c74-8531-649ff97d3c47,Supermercato/minimarket,FAMIGLIA COPERATIVA PREDAIA,"Via dei Tigli, 39 - 38030 Castello-Molina di Fiemme","supermercato
orari: luned-venerd: 8.15-11.45 - sabato: 8.15-12.00 , 16.00-19.00
chiuso: gioved e domenica","Supermarket
opening time: Monday-Friday: 8.15-11.45 a.m.
Saturday: 8.15 a.m.-12 p.m. , 4-7 p.m.
closed on Thursday and Sunday",4e560fdfe4cd6917b14ce474,,http://,, FAMIGLIA COPERATIVA PREDAIA,,+39 (0462)340445,46.277577,11.4139499,,,
afd631c6-0a2b-4890-a387-64acc5ad6ee4,negozio,SPORTISSIMO,Via C. BArbieri 1 - 38037 Predazzo (TN),"Calzature sportive e noleggio sci
Orario: 8.30-12.00 , 15.30-19.00","Sports shoes, ski rent
Opening time: 8.30 a.m.-12.00 a.m. , 3.30-7 p.m.",4efad59fe5fa4f286e61b37c,,http://www.sportissimo.eu,, SPORTISSIMO,info@sportissimo.eu,+39 (0462)502579,46.3080544705371,11.601015329361,,,
aa011e19-cb09-4982-bab5-662a7b6c7e9b,negozio,LA BOTTEGA DEL PAN,"Via Nazionale, 46 - 38030 Ziano di Fiemme","Panificio
orari: 6.30-12.00
chiuso: domenica (solo fuori stagione)","Bakery
opening time: 6.30 a.m.-12 p.m.
closed on Sunday",50fc6eb3c84cbb952f041f91,,http://,, LA BOTTEGA DEL PAN,,,46.287104,11.563177,,,
786556d2-30cf-4cc8-ba60-664cc641b3fd,negozio,THE BEAUTY SHOP,"P.zza Scopoli,9 - 38033 Cavalese","Profumeria, Cosmesi e Accessori
orari: 9.00-12.15 , 15.30-19.15
","Perfumery
opening time: 9 a.m.-12.15 p.m. , 3.30-7.15 p.m.
",50f56236fe70b4aad83342d5,,http://,, THE BEAUTY SHOP,,+39 (0462)235767,46.2912431210617,11.4603281021118,,,
44a3fcf2-6af5-46fb-9831-668c430a0778,negozio,BOTTEGA DAL PAN,Via Cesare Battisti 7 - 38037 Predazzo (TN),"Panificio, Pasticceria, Pizzeria.
Orari: 7.30-12.30 , 16-19.30
Chiuso: mai

","Bakery, Pastry, Pizzeria.
Opening time: 7.30 a.m-12.30 p.m. , 4-7.30 p.m.
Closed: never",50e44f11e4b0e42104801c19,,http://,, BOTTEGA DAL PAN,info@bottegadelpan.it,,46.3128197120565,11.6012835502625,,,
ec0562b4-11fc-4a7a-8263-6c7ccaef0f0d,negozio,JOMADAL TABACCHI E GIORNALI - CAVALESE,"p.zza M. Rizzoli,9 - 38030 CAVALESE","Tabaccheria-Giornalaio
Orari: 7.00-12.30,15.00-19.00
Chiuso: luned pomeriggio (mai in stagione)",,,,http://,, JOMADAL TABACCHI E GIORNALI,,+39 (0462)341193,46.2918880960729,11.4590513706207,,,
73ae63f4-87f1-456f-b9b8-6de3fd33f03b,negozio,ELETTROZORZI,"Via Segherie, 40 - 38030 Castello-Molina di Fiemme","Assistenza, elettrodomestici
orario: 7.00-12.00 , 16.00-19.00
chiuso gioved pomeriggio e domenica","Electrical appliance, technical services
opening time: 7 a.m.-12 p.m. , 4-7 p.m.
closed on Thursday afternoon and Sunday",50e45af1e4b053b50f7357ae,,http://,, ELETTROZORZI,info@elettrozorzi.it,+39 (0462)340096,46.2724995,11.418116,,,
b593ea2e-67dc-44cf-acdd-6df252d0977f,negozio,TABACCHI DEFRANCESCO,"Via Scarian ,26 - 38030 Varena","Giornali e tabacchi
orari: 8.00-12.00 , 15.30-18.30
chiuso guioved e domenica pomeriggio","Newspapers and Tobacco shop
opening time: 8 a.m.-12 p.m. , 3.30-6.30 p.m.
closed on Thursday and Sunday afternoon",50e431c2e4b0e03a481f2562,,http://,, TABACCHI DEFRANCESCO,,+39 (0462)340770,46.3026513854041,11.4562940597534,,,
37c75529-b3ee-4381-a316-702a466802dc,negozio,DOLOMITEN SPORTSWEAR - TESERO,"Via Piera, 2/e - 38038 Tesero","Abbigliamento sportivo e casual uomo donna
Orari:8.30-12.30,15.00-19.00",,50e8761debcaea3d7f185fc8,+39 (0462)814422,http://www.dolomiten-sp.it,, DOLOMITEN SPORTSWEAR,coge@dolomitensp.191.it,+39 (0462)813106,46.2925997838225,11.4912271499634,,,
a6d694a6-8710-4fdb-95b1-703c3f92f7a9,negozio,BRUNO SHOP,"Via Stava,43 - 38038 Tesero","Articoli foto, pesca e tabacchi
Orari: 8.30-12.00, 15.30-19.00
Chiuso:gioved",,50c9fbfde4b0d68fdc98e3fd,,http://,, BRUNO SHOP,bruno.deflorian@yahoo.it,+39 (0462)813686,46.291353,11.509095,,,
fc5e477a-6a8d-4bb9-8315-7078174696cb,negozio,OUTLET GRANDI FIRME,Piazza Scopoli 9 - 38033 Cavalese,"Outlet
Orari:9.30-12.30 16.00-19.30
Chiuso: solo maggio/giugno e ottobre/novembre la domenica pomeriggio e il giovedi pomeriggio",,50f6e86a16488f6cc81c8464,,http://,, OUTLET GRANDI FIRME,outletgrandifirme@virgilio.it,+39 (0462)230543,46.2912801887968,11.4603763818741,,,
6254593d-b091-4f40-b5de-70800dfc9a77,negozio,LIBRERIA DISCOVERY - CAVALESE,Via IX Novembre 2 - 38033 Cavalese,"Libreria
Orario: 9.00-12.00 , 15.30-19.00","Library
Opening Time: 9 a.m.-12 p.m. , 3.30-7 p.m.",50f81c0df2e78b3db7744db6,,http://,, LIBRERIA DISCOVERY,annatonazzo@gmail.com,+39 (0462)235046,46.2923847957897,11.4580857753754,,,
169818de-ce7c-4781-89e3-71605b713483,negozio,SUPERMARKET DELLA CALZATURA-DRO,Via Fiamme Gialle 57 - 38037 Predazzo (TN),"Calzature e Pelletteria.
Orario: 9-12.30 , 15.30-19
Chiuso: gioved","Footwear and leather goods
Opening time: 9 a.m.-12.30 p.m. , 3.30-7 p.m.
Closed: Thursday",,+39(0462)507433,http://www.supermarketcalzaturadro.it,, SUPERMARKET DELLA CALZATURA-DRO,info@supermarketcalzaturadro.it,+39(0462)500145,46.3065721957374,11.5991485118866,,,
2067d182-b89f-491c-a6ec-730ad9097307,negozio,PROFUMERIA BOSCHETTO,Via Fratelli Bronzetti 5 - 38033 Cavalese,"Profumeria
Orari: 8.30-12.00, 14.30-19.00
Chiuso:luned",,50f6d407582f253255a518e4,,http://,, PROFUMERIA BOSCHETTO,,+39 (0462)340136,46.2905240020365,11.4630478620529,,,
eb835806-09c8-4d6c-af54-735c5e2ca0f9,Prodotto enogatronomico,L'ONES,"Via Costa , 32 - 38030 Panchi","Produzione grappa
orari: 9.00-12.00 , 14.00-18.00
chiuso domenica (solo fuori stagione)","Grappa/liquor own production
opening time: 9 a.m.-12 p.m. , 2-6 p.m.
closed on Sunday (but not in high season)",50fc157be4b01b2681f6f44f,,http://www.grappalones.it,, L'ONES,info@grappalones.it,+39 (342) 0280053,46.28731,11.5396699,,,
08bbbaf9-b6c4-4c76-bd3e-737650b780ec,negozio,GHINE',Via Nazionale 1/B - 38033 Carano,"Abbigliamento e accessori
orari: 9.00-12.00 , 16.00-19.00
chiuso gioved e domenica","Clothes and accessories shop
opening time: 9 a.m.-12 p.m. , 4-7 p.m. 
closed on Thursday and Sunday",,,http://www.ghine.it,, GHINE',,+39 (0462)090019,46.2871136183088,11.4408445358276,,,
839a0dde-699d-4982-9047-75ee6999c13e,negozio,PANIFICIO OSS,Via Trento 38 - 38037 Predazzo (TN),"Panetteria, panificio.
Orari: 7.00-12.00 , 16.00-19.00
Chiuso: gioved","Bakery.
Opening Time: 7.00 a.m.-12.00 a.m. , 4-7 p.m.
Closed: Thursday",,,http://,, PANIFIO OSS,,+39 (0462)502990,46.3096404601216,11.6018092632294,,,
cc535c58-fbbf-42b9-9864-76801a7899ec,negozio,GIGA STORE,"Via F.lli Bronzetti, 19 - 38033 Cavalese","Abbigliamento uomo, donna, calzature, jinseria sportswear
orari: 9.00-12.15 , 15.30-19.15
","Clothings and shoes store
opening time: 9 a.m.-12.15 p.m. , 3.30-19.15 p.m.",4e6a337352b1c1205fb22571,,http://www.gigastore.cc,, GIGA STORE,info@gigastore.cc,+39 (0462)230266,46.2911541583951,11.4612185955048,,,
76edccab-b2da-4da6-9c3d-76d150700472,negozio,GIACOMUZZI MILLE IDEE,Via Nazionale 82 - 38030 Ziano di Fiemme,"Casalinghi, Souvenirs e Lampadari
Orari: 8.00-12.00 , 15.30-19.00
Chiuso: Domenica e Gioved","Little Home Forniture, Souvenirs, Chandeliers
Opening Time: 8 a.m.-12 p.m. , 3.30--7 p.m.
Close: Sunday and Thursday",50fc10ece889fadcbe15c145,,http://,, GIACOMUZZI MILLE IDEE,,+39 (0462)571101,46.2871243,11.5647765,,,
c6e1c5c0-9396-4cd2-b01d-76dc7890c94a,Supermercato/minimarket,FAMIGLIA COOPERATIVA - CAPRIANA,Piazza Roma 5 - 38030 Capriana,"Supermercato
Orari: 7.30-12.00 , 16.30-19.00
Chiuso: Marted e Gioved Pomeriggio","Supermarket
Opening Time: 7.30 a.m.-12 p.m. , 4.30-7 p.m.
Close: Tuesday and Thursday Afternoon",50fc52fa582f0eb2b36599ba,+39 (0462) 817228,http://www.coopcavalese.it,, FAMIGLIA COOPERATIVA - CAPRIANA,capriana@coopcavalese.it,+39 (0462)816016,46.2628707,11.3393244,,,
0182527b-8c50-4867-96e6-775f95b8e259,negozio,SPORT VENTURA - PAMPEAGO,"Loc. Pampeago, 4 - 38038 Tesero","Noleggio sci - vendita abbigliamento sportivo
orari: 8.00-19-00
aperto solo in stagione","Ski- rent and sportswear shop
opening time: 8 a.m.-7 p.m.
(only in winter and summer season)",50e97c1d90e7ee08def90227,,http://www.sportventura.it,, SPORT VENTURA PAMPEAGO,pampeago@sportventura.it,+39 (0462)813033,46.3418024123135,11.5399575233459,,,
a4a06b4a-5454-4139-a6e3-782e53b1b12e,negozio,TABACCHERIA STELLA,"Via Roma, 29 - 38038 Tesero","Tabacchi e giornali
orari: 07.30-12.30 , 15.30-19.30
chiuso mercoled e domenica, pomeriggio","Newspapers and Tobaccos shop
opening time:  7.30 a.m.-12.30 p.m. , 3.30-7.30 p.m.
closed on Wednesday and Sunday, afternoon


",50e72650067d3326a90ba20b,,http://,, TABACCHERIA STELLA,canalk00@canalk.191.it,+39 (0462)814606 ,46.289486081641,11.5098309516907,,,
72157a86-cf88-4cd8-94e8-7a2662d48485,negozio,SUN SUN,Via degli Alpini 5 - 38037 Predazzo (TN),"Estetica e Abbronzatura
Orari: 9.00-19.00","Beautician and Solarium
Opening Time: 9 a.m.-7 p.m.",50f82ce0e4b0b7e40f0eaf22,,http://www.sun-sun-predazzo.com,, SUN SUN,sunsunpredazzo@yahoo.it,+39 (0462)503137,46.3103994,11.6030312,,,
38f80dac-6fd3-488d-97ec-7a3ad33a5014,Supermercato/minimarket,FAMIGLIA COPERATIVA CASTELLO DI FIEMME,"Via Roma, 11 - 38030 Castello-Molina di Fiemme","Supermercato
orari: 8.00-12.00 , 16.00-19.00
chiuso luned-gived pomeriggio, domenica
","Supermarket
opening time: 8 a.m.-12 p.m. , 4-7 p.m.
closed on Monday/ Thursday afternoon, Sunday
",50f979f6d63eef3580b35702,+39 (0462)239721,http://,, FAMIGLIA COPERATIVA CASTELLO DI FIEMME,castello@coopcavalese.it,+39 (0462)341343,46.281633,11.4348379,,,
44539765-7565-46ec-a086-7c1a7afdef30,negozio,GINKOLOR - PREDAZZO,Via Garibaldi 3 - 38037 Predazzo (TN),"Hobbistica
Orari: 9.00-12.00 , 15.30-19.00
chiuso: gioved","Leisure
Opening time: 9.00 a.m.-12.00 a.m. , 3.30-7 p.m.
closed: Thursday",50f96525e889882d6d57be2f,+39 (0462)507014,http://,, GINKOLOR,,+39 (0462)501994,46.3118377949811,11.6023778915405,,,
6b3849b4-ebb5-4d6b-8817-7fc8fb47ab30,negozio,SPORT VENTURA,"Loc. Piera, 4 - 38038 Tesero","Abbigliamento e attrezzatua sport e tempo libero - noleggio
orari: 9.00-12.30 , 15.30-19.30
","Rent and shop - sport and free time
opening time: 9 a.m.-12.30 p.m. , 3.30-7.30 p.m.",50e97b9690e7ee08def82d1e,,http://www.sportventura.it,, SPORT VENTURA,tesero@sportventura.it,+39 (0462)813025,46.2919918844458,11.4919888973236,,,
b32ef3a9-7fde-4507-886f-8147a7d38568,negozio,CONFEZIONI MIRELLA,"P.zza Posta, 5 - 38030 Castello-Molina di Fiemme","Edicola-tabacchi
orari: 8.00-12.00 , 16.00-19.00
chiuso domenica e luned pomeriggio","Newspapers-tobacco shop
opening time: 8 a.m.-12 p-m. , 4-7 p.m.
closed on Sunday and Monday afternoon",50e826a216485605cea3522e,,http://,, CONFEZIONI MIRELLA,,+39 (0462)341547,46.280535,11.434432,,,
b257fbba-3f21-4c86-b75d-825549d1df1f,noleggio,BIKE 4 FUN,Corso Dolomiti 3/a - 38037 Predazzo (TN),"Vendita e noleggio attrezzatura sportiva.
Orari:8.30-12.00 , 15.30-19.00
Chiuso: giovedi e domenica","Sport Equipments Rent and Sale.
Opening Time:8.30 a.m.-12.00 a.m. , 3.30-7 p.m.
Closed:Thursday and Sunday",,,http://,, BIKE 4 FUN,,+39 (0462)501250,46.3135014856256,11.6001677513123,,,
b851e4aa-3dda-47d8-b738-83330e16ac61,negozio,PROGETTO ORO,"Via F.lli Bronzetti, 29 - 38033 Cavalese","Gioielleria
orari: 9.00-12.30 , 15.30-19.30
","Jewellery
opening time: 9 a.m.-12.30 p.m. , 3.30-7.30 p.m.
",50f6d54b582f253255a718e8,,http://,, PROGETTO ORO,progetto.oro@tin.it,+39 (0462)235418,46.2910874363003,11.4615726470947,,,
674651c7-339d-4082-83b5-8349e46d41fd,negozio,ESTETICA BELLESSERE,"Via Nazionale, 96 - 38030 Ziano di Fiemme","Centro estetico- solarium
orari: 9.00-12.00 , 14.30-19.00
chiuso sabato e domenica","Beauty farm and solarium
opening time: 9 a.m.-12 p.m. , 2.30-7 p.m.
closed on Saturday and Sunday",50fc0e63e889fadcbe11ae48,,http://,, ESTETICA BELLESSERE,,+39 (0462)570003,46.287333,11.5650434,,,
4b27c4bb-2efb-444f-aaa7-83878d30a421,negozio,CARTOLERIA TOMASI,Via Roma 8 - 38037 Predazzo (TN),"Cartoleria, Tabacchi e Giornali
Orari: 07.00-12.00 , 16.00-19.00
Chiuso: gioved","Stationery, Tobacco and Newspapers.
Opening Time: 7.00 a.m.-12.00 a.m. , 4-7 p.m.
Closed: Thursday",,,http://,, CARTOLERIA-GIORNALI TOMASI,,+39 (0462)501777,46.3113375663014,11.6024959087372,,,
8be24664-18ce-483f-b5ee-8389e4328880,Noleggio sci,NOLEGGIO SCI MAESTRI SEPPI,Loc. Marco - 38033 Cavalese,"Nolleggio Sci
Orari:8.00-9.00,16.00-19.00",,,,http://,, MAESTRI SEPPI,,+39 (348)7966612,46.2899160796197,11.4773225784302,,,
fc67d5bc-6a1b-4dea-a962-8486b9741511,negozio,TABACCHI E GIORNALI - ZIANO DI FIEMME,Via Roma 8 - 38030 Ziano di Fiemme,"Tabacchi e Giornali
Orari: 6.30-12.30 , 15.00-19.00
          Domenica 6.30-12.30
Chiuso: Domenica Pomeriggio","Tobacco and Newspapers
Opening Time: 6.30 a.m.-12.30 p.m. , 3-7 p.m.
                        Sunday 6.30 a.m.-12.30 p.m.
Close: Sunday Afternoon",50fc7363c84cbb952f0b0203,,http://,+39 (0462)571216, TABACCHI E GIORNALI,,+39 (0462)571216,46.28572,11.5619099,,,
391e362b-1994-42b2-87a0-85d48d8f8a25,negozio,CASA DEL FORMAGGIO,Piazza Ress 6 - 38033 Cavalese,"Formaggi, Salumi e Prodotti Tipici
Orari: 7.00-12.30 , 16.00-19.00","Cheese and Typical Local Products
Opening Time:  7 a.m.-12.30 p.m. , 4-7 p.m.",50f46d2829a62edf097833fc,,http://,, CASA DEL FORMAGGIO,,+39 (0462)340455,46.2907130497054,11.458734869957,,,
22b233b8-9cc2-4a1f-b911-86cf02d99245,negozio,SALONE PROFUMERIA MICHELA,Via Fratelli Bronzetti 20 - 38033 Cavalese,"Parrucchiera Unisex e Profumeria
Orari: 8.30-12.00 , 14.30-19.00
","Unisex Hair Stylist and Perfumery
Opening Time: 8.30 a.m.-12 p.m. , 2.30-7 p.m.",50f6dc74fe7096f29a4e29d7,,http://,, SALONE PROFUMERIA MICHELA,salonemichela@libero.it,+39 (0462)230822,46.2904350382019,11.4630532264709,,,
4712d6ec-f369-4872-b051-86f9acdf3a3d,negozio,EUROBRICO,Via Fiamme Gialle 60 - 38037 Predazzo (TN),"Negozio per il fai da te, bricolage.
Orari: 8.30-12.30 , 15-19
Chiuso: gioved pomeriggio","Shop for DIY
Opening Time: 8.30 a.m.-12.30 p.m. , 3-7 p.m.
closed: Thursday afternoon",,+39 (0462)500083,http://www.eurobriko.com,, EUROBRICO,info@eurobriko.com,+39 (0462)501086,46.3035778782116,11.5934407711029,,,
1fc6094f-b7e1-4922-b886-8989cb4c1dc8,negozio,MACELLERIA CAPOVILLA,Via Anterivo 1  - 38030 Capriana,"Macelleria/Salumeria
Orari: Luned, Marted 8-12 ; Mercoled,Venerd,Sabato 8-12 ;15:30-16:30
Chiuso:Gioved e Domenica",,50fc55b619a93840f0454dae,,http://,, MACELLERIA CAPOVILLA,macelleria.capovilla@virgilio.it,+39 (0462)816010,46.263478,11.337602,,,
997e8148-bdc6-4479-9da6-8a79e9134146,negozio,OUTLET GIGA STORE,Via Nazionale 10/d - 38030 Carano,"Abbigliamento Uomo, Donna, Calzature, Jeanseria
Orari: 9.00-12.15 , 15.30-19.15","Clothes, Shoes, Jeans Store
Opening Time: 9 a.m.-12.15 p.m. , 3.30-7.15 p.m.",50f2fcbc183f7e024dd18cbb,,http://www.gigastore.cc,, OUTLET GIGA STORE,info@gigastore.cc,+39 (0462)340412,46.287705,11.443678,,,
6371ab68-e941-4d31-a570-8cf0b8e45b50,negozio,ANNA STYLE,Via IV Novembre 2 - 38038 Tesero,"Parrucchiera Unisex
Orari: Marted, Gioved e Venerd 8.30-12.00 , 14.30-19.00
          Mercoled e Sabato 8.30-16.30
Chiuso: Domenica e Luned","Unisex Hair Stylist
Opening Time: Tuesday, Thursday and Friday 8.30 a.m.-12 p.m. , 2.30-7 p.m.
                        Wednesday and Saturday 8.30 a.m.-4.30 p.m.
Close: Sunday and Monday",50e863acebcaea3d7efc65a9,,http://,, ANNA STYLE,,+39 (0462)813028,46.2885815921158,11.5127813816071,,,
f5eee82e-2472-418c-9288-8dbba66766ab,negozio,DAYLI,Via Alcide Degasperi 6 - 38037 Predazzo (TN),"Prodotti cosmetici e per la casa
Orari: 7.30-12.30 , 15.30-19.00
Chiuso: domenica","Cosmetics and household
Opening time: 7.30 a.m.-12.00 a.m. , 3.30-7 p.m.
closed: Sunday",,,http://,, DAYLI,,,46.3131396,11.6000925,,,
571df58e-dced-4904-9244-8dce5cdf4eb1,negozio,LA BOTTEGA DI VERONIKA,Piazza Scopoli 12 - 38033 Cavalese,"Oggettistica Regalo e Piccoli Arredi
Orari: 9.00-12.15 , 16.00-19.15","Gifts and Home Center
Opening Time: 9 a.m.-12.15 p.m. , 4-7.15 p.m.",,,http://,, LA BOTTEGA DI VERONIKA,labottegadiveronika@tin.it,+39 (0462)342005,46.2908205471084,11.4604783058167,,,
60433738-06b8-45af-92a6-8e04b6c0a67b,Prodotto di artigianato locale,DORMIRE BENE CUSCINI DI CIRMOLO,Piazza cesare Battisti - 38033 Cavalese,,,,,http://www.dormirebenecuscinidicirmolo.it,, DORMIRE BENE CUSCINI DI CIRMOLO,p.gilmozzi@sgsfuture.it,+39 (335)1371360,46.291799134454,11.4594805240631,,,
f82346e0-dd87-4548-a00f-8fc7097471cc,noleggio,SPORT CERMIS FUNIVIA,"Piazzale Funivia. via Cermis,2 - 38033 Cavalese",Funivie,,,,http://www.alpecermis.it,+39 (0462)341292, SPORT CERMIS,luigi.ventura@cr-surfing.net,+39 (0462)231002,46.2854083468179,11.4654350280762,,,
1d4df644-2b39-4330-8450-905ef6bf02d3,negozio,SIMPATICHE CANAGLIE,Via Roma 1/B - 38037 Predazzo (TN),"Abbigliamento per Bambini.
Orari: 09.00-12.00 , 16-19
chiuso: gioved","Children Clothing.
Opening Time: 9.00 a.m.-12.00 a.m. , 4-7 p.m.
Closed: Thursday",50f82c57e4b0fc8ccb5ee684,,http://,, SIMPATICHE CANAGLIE,simpatiche.canaglie@hotmail.it,+39 (0462)462065,46.311567301522,11.6027534008026,,,
918a6dac-f78b-4be5-ae55-91e61f409db5,Supermercato/minimarket,FAMIGLIA COOPERATIVA-SEDE,p.zza Cesare Battisti 12 - 38033 Cavalese,"Supermercato, Casalinghi, Piccola Merceria
Orari: 8.00-19.15",,50f95f72e0e2a0d070978b60,+39 (0462)239546,http://,, FAMIGLIA COOPERATIVA-SEDE,cavalese@coopcavalese.it,+39 (0462)340378,46.2916656917546,11.4598774909973,,,
be45fde8-f3d0-495f-8107-93243924f30d,negozio,FIORERIA BRIGADOI,Via Minghetti 5 - 38037 Predazzo (TN),"Fioreria
orari: 8.30-12.00 , 15.30-19.00
Chiuso: gioved pomeriggio","Florist
Opening Time: 8.30 a.m.-12.00 a.m , 3.30-7 p.m.
Closed: Thursday afternoon",,,http://,, FIORERIA BRIGADOI,patrizia@fioreriabrigadoi.it,+39 (0462)501329,46.314044,11.598509,,,
48348a28-08fc-4a06-9211-9430abc520f3,Supermercato/minimarket,EUROSPESA,Via Dossi 18 - 38033 Cavalese,"Supermercato
Orari: 7.30-12.00 , 15.30-19.00","Supermarket
Opening Time: 7.30 a.m.-12 p.m. , 3.30-7 p.m.",50f95d41e0e2a0d07093a8ce,,http://www.eurospesa.it,, EUROSPESA,,+39 (0462)340355,46.289196943171,11.454781293869,,,
9825fd20-04d6-4150-9586-9491f9bd198d,negozio,CEMIN'S,Piazza SS. Apostoli 9 - 38037 Predazzo (TN),"Articoli Sportivi
orari: 9.00-12.00 , 16.00-19.00 ","Sports Shop
Opening time: 9.00 a.m.-12.00 a.m. , 4-7 p.m.",,,http://www.ceminsport.it,, CEMIN'S,info@ceminsport.it,+39 (0462)501187,46.3125418127849,11.6023725271225,,,
c8070c45-159e-4857-b840-949c797234c4,negozio,IL GUSCIO,Via Nazionale 47 - 38030 Ziano di Fiemme,"Filati e Intimo
Orari: 9.00-12.00 , 16.00-19.00
Chiuso: Domenica e Gioved","Underwear
Opening Time: 9 a.m.-12 p.m. , 4-7 p.m.
Close: Sunday and Thuersday",50fc6e22c84cbb952f034350,,http://,, IL GUSCIO,,+39 (0462)570074,46.28725,11.56397,,,
e901f30c-e068-4a92-a92e-98023e2e1298,negozio,POLARIS - CAVALESE,"P.zzetta Rizzoli, 8 - 38033 Cavalese","Abbigliamento Donna e Uomo
orari: 9.00-12.00 , 15.30-19.00","Dress shop
opening time: 9 a.m.-12 p.m. , 3.30-7 p.m.",50e45b25e4b04716696ec7f9,,http://,, POLARIS,,+39 (0462)232136,46.2917620670701,11.4594268798828,,,
51e765d8-b5f8-44e0-bafe-9935695cdaf6,Supermercato/minimarket,FAMIGLIA COOPERATIVA-MASI DI CAVALESE,via Chiesa 29 - 38033 Masi di Cavalese,"Supermercato
Orari:8.00-12.00, 16.00-19.00
Chiuso:gioved pomeriggio",,50e5dd92e4b0515dd1099192,+39 (0462)248267,http://,, FAMIGLIA COOPERATIVA-MASI DI CAVALESE,masi@coopcavalese.it,+39 (0462)235555,46.283488,11.485578,,,
35a5adad-cb0f-488a-8263-993ecd8b6cf9,negozio,LA PICCOLA BOTTEGA,Via Prai de Mont 16 - 38037 Bellamonte (TN),"Tabacchi/Giornali/Souvenirs/Articoli Regalo/Cartoleria.
Orari: 8.00-12.00 , 15.30-19.00
Chiuso: gioved e domenica pomeriggio
","Tobacco / Newspapers / Souvenirs / Gifts / Stationery
Opening Time: 8.00 a.m.-12.00a.m. , 3.30-7 p.m
Closed: Thursday and Sunday afternoon
",,,http://,, LA PICCOLA BOTTEGA,lapiccola.bottega@libero.it,+39 (0462)576130 ,46.31311,11.66238,,,
1c3cca6e-f462-435a-a79f-9999308abcdc,negozio,GIALLO E GRIGIO,Piazza Cesare Battisti 13 - 38033 Cavalese,"Gioielleria 
Orari: 9.00-12.30, 16.00-19.30
Chiuso:domenica",,,,http://,, GIALLO E GRIGIO,gialloegrigio@libero.it,+39 (0462)341025,46.29153966224,11.4601349830627,,,
694aca98-2487-48cc-97db-9b2c9dc5b943,negozio,BAIXA,Via F.lli Bronzetti 39 - 38033 Cavalese,"Accessori moda
orari: 9.00-12.00 , 16.00-19.00
","Accessory
opening time: 9 a.m.-12 p.m. , 4-7 p.m.",4e3dac09ae6045423668fac4,,http://www.baixa.it,, BAIXA,,+39 (0462)231337,46.2906796883994,11.4628493785858,,,
44ef882a-d5de-4be1-bf23-9b5b58d754b1,Supermercato/minimarket,FAMIGLIA COOPERATIVA - PREDAZZO,Via Cesare Battisti 21 - 38037 Predazzo (TN),"Supermercato,Casalinghi,Piccola Merceria,Cantina Vini
Orari: 8.00-13.00 , 16.00-19.00
          Domenica chiuso
          23-26-30 dicembre e 6 gennaio aperto 8.00-12.30 , 16-19.15
","Supermarket,Little Home Forniture,haberdashery,Wine Cellar,Clothe's Shop
Opening Time: 8 a.m.-13 p.m. , 4-7 p.m.
Closed: Sunday
23-26-30 December and 6 January open: 8 a.m.-12.30 a.m. , 4-7.15 p.m.",4e560fdfe4cd6917b14ce474,,http://www.fcvalfiemme.it,, FAMIGLIA COOPERATIVA - PREDAZZO,info@fcvalfiemme.it,+39 (0462)501111,46.3131013152124,11.6007900238037,,,
9fc1616c-fd2e-43f2-a778-9b696bd1aabc,negozio,PANIFICIO MERLER,Corso Dolomiti 4 - 38037 Predazzo (TN),"Panificio
Orario: 7.00-12.00 / 16.00-18.30
chiuso: domenica pomeriggio","Bakery
Opening time: 7.00 a.m. - 12.00 a.m. , 4-6.30 p.m.
closed: Sunday afternoon",5023ea37e4b065daa50a5969,,http://,, PANIFICIO MERLER,,+39 (0462)501228,46.313531127762,11.6003394126892,,,
f1349dcc-d0ab-4763-a27b-9b7c68d46a8f,negozio,TABACCHIE E GIORNALI BRIGADOI - PREDAZZO,Via Trento 17 - 38037 Predazzo (TN),"Tabacchi e Giornali
Orari: 7.30-12.00 , 16-19
Chiuso: domenica","Newspapers and Tobacco
Opening Time: 7.30 a.m.-12.00 a.m , 4-7 p.m.
Closed: Sunday",,+39 (0462)501523 ,http://,, TABACCHI E GIORNALI BRIGADOI,tabacchibrigadoi@hotline.it,+39 (0462)501523,46.3096849264569,11.6020452976227,,,
48d57978-feb9-4103-b851-9cab683f7217,negozio,JIBBING,Piazza Dante 10 - 38033 Cavalese,"Street Wear
Orari: 10.00-12.00  16.00-19.00","Street Wear
Opening Times: 10.00-12.00  16.00-19.00",4e2aea81a809f1b16409b3ba,,http://,, JIBBING,jibbing@hotmail.it,+39 (0462)232211,46.2921401532086,11.4585793018341,,,
48d63122-f7dc-4ca8-8ffd-9e3e5076a6bf,Noleggio sci,NOLEGGIO PLUSSERVICE c/o EUROTEL - CAVALESE,Alpe Cermis c/o Eurotel - 38033 Cavalese,"Orari: 8.45-13.00 , 13.30-16.45","Opening Time: 8.45 a.m.-1 p.m. , 1.30-4.45 p.m.",,,http://www.plusservicevlf.com,, PLUSSERVICE c/o EUROTEL,bettin.giancarlo@gmail.com,+39 (333)2073726,46.2507724396429,11.5033292770386,,,
559cd69b-f555-42b3-a055-a067a2fa6e94,negozio,JOMADAL,"p.zza Cesare Battisti, 10 - 38033 Cavalese","Tutto per il bambino, il neonato e la neo mamma
orari: 9.00-12.00 , 15.30-19.00","Baby shop
opening time: 9 a.m.-12 p.m. , 3.30-7 p.m.
",4e3abbb0a809ec55443ef676,+39 (0462)232741,http://,, JOMADAL,info@jomadal.it,+39 (0462)235604,46.2917583603303,11.4593195915222,,,
66e9ef3b-18f7-4974-a93f-a0ee91497894,negozio,MONTEBEL,Via Fratelli Bronzetti 19 - 38033 Cavalese,"Abbigliamento e Calzature
Orario: 9.30-12.00 , 16.00-19.00","Clothes and Shoes Shop
Opening Time: 9.30 a.m.-12 p.m. , 4-7 p.m.",50f8199ff2e78b3db770986e,,http://,, MONTEBEL,,+39 (0462)231494,46.2910948498704,11.4613687992096,,,
4f63c60c-1d5e-4af0-9111-a343cde9347e,negozio,LE LUZIE,Piazza SS.Filippo e Giacomo 4 - 38037 Predazzo (TN),"Intimo
Orari: 9.00-12.00 , 16.00-19.00","Underwear
Opening Time: 9 a.m.-12 p.m. , 4-7 p.m.",,,http://,, LE LUZIE ,,+39 (0462)502907,46.3127295,11.6026726,,,
6c68ceff-8039-4de0-b0fe-a408293c89b6,negozio,SPAZIO BENESSERE,Via Fratelli Bronzetti 39 - 38033 Cavalese,"Estetista,Pedicure,centro Massaggi,Solarium
Orari: 9.00-12.00 , 14.00-19.00","Beauty Specialist,Pedicure,Massage Parlour,Solarium
Opening Time: 9 a.m.-12 p.m. , 2-7 p.m.",50f6e062e88923df2c8ac5d1,,http://,, SPAZIO BENESSERE,,+39 (0039)341702,46.29077606545,11.4625597000122,,,
b79559c2-38c4-4590-9679-a4890c98822e,negozio,BOSIN SKI,Via Fiamme Gialle 63 - 38037  Predazzo,"Preparazione Sci.
Orari: 8.00-12.00 15.30-19.30","Ski service
Opening time: 8.00 a.m.-12.00 a.m. , 3.30-7 p.m.",,,http://www.bosinski.it,, BOSIN SKI,bosin@bosinski.it,+39 (0462)501245,46.3050528224116,11.5963697433472,,,
3482674c-a4ca-4c56-a865-a51109f57654,negozio,OTTICA POZZA,"Via Pizzegoda, 20 - 38033 Cavalese","Ottica
orari: 9.00-12.00 , 15.00-19.00
","Optician store
opening time: 9 a.m.-12 p.m. , 3-7 p.m.",,,http://,, OTTICA POZZA,sioli.sioli@live.it,+39 (0462)235680,46.2907167565159,11.4641690254211,,,
db6be066-320e-4a87-80ea-a577921e89f1,negozio,SOUVENIRS DEFRANCESCO,"Passo Lavaz, 4 - 38030 Varena","Souvenirs e Noleggio Sci
orari: 8.30-12.30 , 13.30-17.30
aperto solo in stagione (inverno e estate)","Souvenirs and ski-rent
opening time:  8.30 a.m.-12.30 p.m. , 1.30-5.30 p.m.
only in winter and summer season",,,http://,+39 (333)7636009, SOUVENIRS DEFRANCESCO,info@lavaze.it,+39 (0462)341367,46.3544219775186,11.4924502372742,,,
de6736c0-943d-4ced-8ee5-a66807d05383,negozio,PANIFICIO ZORZI - MASI DI CAVALESE,Via Chiesa 24 - 38033 Masi di Cavalese,"Orari: 6.30-12 e 16.00-18.30
Chiuso: gioved pomeriggio",,50e5ddeee4b067b036106204,,http://,, PANIFICIO ZORZI,panificio.zorziezio@virgilio.it,+39 (0462)341482,46.283344,11.4833909,,,
1ecf02e0-53aa-428d-97a2-a7c24a2bf464,negozio,GARDENER,via Fratelli Bronzetti - 38030 CAVALESE,"Calzature, Articoli Sportivi, Pelletterie, Abbigliamento, Accessori, Moda
Orari:Luned-sabato 8:30-12:30, 15:30-19:30; domenica 10-12:30, 17-19:30",,4e3c298f2271d21e86e4988b,,http://www.gardener.it,, GARDENER,info@gardener.it,+39 (0462)340276,46.290694515649,11.4624094963074,,,
cf912248-ba7a-4ede-9840-ab8da77f454a,negozio,CARTOLIBRERIA SPAZZALI,Piazza Scopoli 13 - 38033 Cavalese,"Cartolibreria e Articoli Regalo
Orari: 8.00-12.30 , 15.30-19.30","Bookshop and Gifts
Opening Time: 8 a.m.-12.30 p.m. , 3.30-7.30 p.m.",50e463a3e4b0e03a4996bb8f,,http://,, CARTOLIBRERIA SPAZZALI,spazzalisnc@gmail.com,+39 (0462)342393,46.2913172565068,11.4605534076691,,,
f2810e67-a481-4304-9dec-b0701cbaa67f,negozio,CHRIS CHIAR,Via Nazionale 1/a - 38030 Carano,"Bandiere, Premiazioni, Abbigliamento Sportivo
Orari: 9.00-12.00 , 15.30-19.00
Chiuso: Gioved, Sabato e Luned mattina","Flags, Prize-Giving, Sport's Clothes
Opening Time: 9 a.m.-12 p.m. , 3.30-7 p.m.
Close: Thursday, Saturday and Monday Morning",,,http://www.chrischiar.it,, CHRIS CHIAR,info@chrischiar.it,+39 (0462)341280,46.2876474315177,11.4437198638916,,,
74833a64-a85e-4177-a6a3-b1640c8a8716,negozio,UNDERWEAR COLORS OF BENETTON,"Via Bronzetti, 37 - 38033 Cavalese","Negozio Abbigliamento Intimo
orari: 9.00-12.00 , 15.30-19.00
","underclothes shop
opening time: 9 a.m.-12 p.m. , 3.30-7 p.m.
",,,http://,, UNDERWEAR BENETTON,c.fenouil@alice.it,+39 (0462)340639,46.2908057198929,11.4624416828156,,,
967497d9-7c1d-48cf-9eb4-b16a1079c5c6,Prodotto di artigianato locale,LE ZIPOLE,"via Roma, 56/a - 38038 Tesero","Artigianato,decorazioni,restauro
Orari:9.00-12.00,15.30-19.00
Chiuso:gioved e domenica (in stagione quasi sempre aperto)",,50e44e99e4b06fa9b435fd41,,http://www.lezipole.it,, LE ZIPOLE,info@lezipole.it,+39 (0462)814549,46.289372,11.509888,,,
88f259dc-0245-4559-b805-b17973365693,negozio,IL FRUTTETO,Via Fiamme Gialle 54 - 38037 Predazzo (TN),"Ortofrutta e supermercato
Orari: 8.30-12.30 , 16.00-19.00
","Supermarket, Vegetables and fruits.
Opening time: 8.30 a.m.-12.30 a.m. , 4-7 p.m.
",,,http://,, IL FRUTTETO,,+39 (0462)503045,46.3086696027939,11.6016054153442,,,
192ea7f6-169a-47a7-86f7-b2d48aaa7d58,Gelateria / Pasticceria,CASA DEL DOLCE,"P.zza Chiesa, 9 - 38030 Panchi","Pasticceria
orari: 8.00-12.00 , 15.30-19.00
chiuso domenica (in stagione, aperto la mattina)","Bakery/cake shop
opening time: 8 a.m.-12 p.m. , 3.30-7 p.m.
closed on Sunday",4e33a89fae60795fcfd8e0e0,,http://,, CASA DEL DOLCE,,+39 (0462)814277,46.2862887,11.5413526,,,
026a1b29-9129-4519-bd70-b42026733ccb,negozio,PREMIASPORT,Vicolo Furlanello 4/a - 38038 Tesero,"Articoli per premiazioni sportive e manifestazioni culturali
Orari:8.00-12.00, 15.30-19.00
Chuso:domenica e festivi",,50e957de1648f444d3af853a,,http://,, PREMIASPORT,premiasport@cr-surfing.net,+39 (0462)810121,46.28939,11.511937,,,
b73aa10a-b11a-4788-84dc-b4bc140e5e95,negozio,TICIERRE,"P.zza Giuseppe Verdi, 3 - 38030 Castello-Molina di Fiemme","Edicola, tabaccheria, souvenirs
orari: 6.30-13.00 , 15.30-19.30
chiuso domenica pomeriggio","Newspapers and tobacco shop, souvenirs 
opening time: 6.30 a.m.-1 p.m. , 3.30-7.30 p.m.
closed on Sunday afternoon

",,,http://,, TICIERRE,cerossi1878@tin.it,+39 (0462)340097,46.2734180482877,11.4165222644806,,,
2be8915d-d277-4143-bb4e-b51414fa679c,negozio,CEMIN SPORT,Loc.Piera 5/a - 38038 Tesero,"Abbigliamento Sportivo
Orari:9.00-12.00 e 15.30-19.00
Chiuso:domenica",,50fc3f29c84cbb952ebd2eac,,http://www.ceminsport.it,, CEMIN SPORT,info@ceminsport.it,+39 (0462)814800,46.2906722747732,11.4926648139954,,,
dc27697d-e290-40b2-80a4-b7ab261c2edb,Supermercato/minimarket,FAMIGLIA COOPERATIVA,Piazza Italia 3 - 38030 Ziano di Fiemme,"Spermercato, Casalinghi, Abbigliamento
Orari: 8.00-12.15 , 16.00-19.00","Supermarket, Little Home Forniture, Clothing Store
Opening Time: 8 a.m.-12.15 p.m. , 4-7 p.m.",,,http://www.fcvalfiemme.it,, FAMIGLIA COOPERATIVA,,+39 (0462)571126,46.2866687699942,11.5611684322357,,,
2ef68555-2657-4d20-959b-b7dd3bd27c4f,Supermercato/minimarket,DESPAR - CAVALESE,"Via Barattieri, 11 - 38033 Cavalese","Orari:
da luned a domenica
dalle ore 8:30 alle ore 19:30","Openng times:
every day
from 8:30 am to 7:30 pm",4d1e0655dd6a236a8ef22238,,http://www.edespar.it,(0039) 0462 340127, ,,(0039) 0462 340127 ,46.29137,11.46134,,,
28d5ee15-d003-4c5f-a7f8-b9455a35cb5f,negozio,LIBRERIA DISCOVERY - PREDAZZO,Via Trento 33 - 38037 Predazzo (TN),"Libreria
Orari: 09.00-12.00 , 15.30-19.00
Chiuso: Gioved","Library
Opening Time: 9.00 a.m.-12.00 a.m. , 3.30-7 p.m.
Closed: Thursday",4e31394aae6085c3ad184768,,http://,, LIBRERIA DISCOVERY,discoverylibri@homail.it,+39 (0462)501945,46.3091439169221,11.6017770767212,,,
5a39d7f9-b92f-4560-be12-b9ff2de07da4,negozio,TABACCHI E GIORNALI - ZIANO DI FIEMME,Via Nazionale 57 - 38030 Ziano di Fiemme,"Tabacchi e Giornali
Orari: 6.30-12.30 , 16.00-19.30","Tobacco and Newspapers
Opening Time: 6.30 a.m.-12.30 p.m. , 4-7.30 p.m.",50fc73c4c84cbb952f0b8a6a,,http://,, TABACCHI E GIORNALI,,+39 (0462)571118,46.2873743,11.5641166,,,
4ff6cdb5-b905-4aae-ad8f-bac9637b18df,negozio,VIDEO UNO,"P.zza Scopoli,7 - 38033 Cavalese","Audio, Video, Foto Computer e elettrodomestici
orari: 9.00-12.30 , 15.30-19.30
","Computer, photo, video shop
opening time: 9 a.m.-12.30 p.m. , 3.30-7.30 p.m.",4e3c25c8d4c058f9dbf34cf3,,http://www.videounoprocelli.it,, VIDEO UNO,info@video-1.it,+39 (0462)340358,46.2912134668555,11.4603817462921,,,
c94e200f-2fb0-43d0-b971-bb753bc3c959,negozio,IL GHIOTTONE,"P.zza Scopoli,5 - 38033 Cavalese","Gastronomia-Rosticceria-Pane fresco-salumi e prodotti tipici
orari: 9.00-13.00 , 16.00-20.00 
il weekend aperto fino alle 22.00 con degustazioni
","Delicatessen, rotisserie and speciality shop.
opening time: 9 a.m.-1 p.m. , 4-8 p.m.

",4e3daf0d2271d21e86fa04a2,,http://www.ilghiottone.info,, IL GHIOTTONE,info@ilghiottone.info,+39 (0462)340180,46.2910429548586,11.4603281021118,,,
85388e20-f946-4304-86d8-bbb6e917459b,negozio,FIORERIA IL BOCCIOLO,Via IV Novembre 5 - 38038 Tesero,"Fioreria - confezioni e addobbi per ogni occasione
orari: 8.30-12.00 , 15.30-19.00
chiuso gioved e domenica
","Flowers and decorations shop
opening time: 8.30 a.m.-12 p.m. , 3.30-7 p.m.
Closed on Thursday and Sunday


",50e87a47ebcaea3d7f1e9a33,,http://,, FIORERIA IL BOCCIOLO,,+39 (0462)810045 ,46.2884629694308,11.5126848220825,,,
fd430aca-78d4-4efb-9838-bc06b598d1a7,negozio,SALONE MONICA,Via Nazionale 90 - 38030 Ziano di Fiemme,"Parrucchiera Unisex
Orari: 9.00-12.00 , 14.30-19.00
Chiuso: Domenica e Luned
","Unisex Hair Stylist
Opening Time: 9 a.m.-12 p.m. , 2.30-7 p.m.",,,http://,, SALONE MONICA,,+39 (0462)571522,46.2872934,11.5647533,,,
d5e05c87-beac-4430-81d8-bcb76fe3405a,negozio,CARTOLERIA DELLAGIACOMA - CAVALESE,Viale Libert 8 - 38033 Cavalese,"Cartoleria
Orari: 8.30-12.00 , 15.30-19.00","Stationery Shop
Opening Time: 8.30 a.m.-12 p.m. , 3.30-7 p.m.",50f46c2329a62edf0976b3f0,,http://www.dellagiacoma.org,, CARTOLERIA DELLAGIACOMA,cavalese@dellagiacoma.org,+39 (0039)230250,46.2893007366436,11.4625060558319,,,
6c35b033-eda0-4d65-b846-bce9a5908412,Prodotto di artigianato locale,IL PICCHIO,Via Regolani 2 - 38033 Cavalese,"Complementi d'Arredo e Giocattoli in Legno
Orari: 9.30-12.00 , 16.00-19.00","Forniture Equipment and Wooden Toys
Opening Time: 9.30 a.m.-12 p.m. , 4-7 p.m.",4e2af59818a80bb058535efa,,http://www.picchiolegno.it,, IL PICCHIO,picchiolegno@alice.it,+39 (0462)232030,46.2913913918515,11.4586544036865,,,
c006c63f-f8f9-4a88-acb6-be73058051d3,negozio,DOLOMITEN SPORTSWEAR - CAVALESE,Via Fratelli Bronzetti 21/23 - 38033 Cavalese,"Abbigliamento Uomo e Donna
Orario: 9.00-12.30 , 16.00-19.00
            Domenica e Festivi: 10.00-12.30 , 16.00-19.00","Women and Men Clothes Shop
Opening Time: 9 a.m.-12.30 p.m. , 3.30-7 p.m.
                        Sundays: 10 a.m.-12.30 p.m. , 4-7 p.m.",50f95bb045b0c12d39eb1dce,,http://www.dolomiten-sp.it,, DOLOMITEN SPORTSWEAR,coge@dolomiten-sp.it,+39 (0462)340288,46.291005886963,11.4617121219635,,,
e7285b0e-c0a1-4eb5-ae85-bed412a98bf0,negozio,EDER OFFICINA NATURALE,"Via F.lli Bronzetti, 7 - 38033 Cavalese","Vendita di Prodotti tipici del trentino altoadige di loro produzione
orari: 9.00-12.30 , 15.30-19.30","Own production specialty shop 
opening time: 9 a.m.-12.30 p.m. , 3.30-7.30 p.m.",50f95c2745b0c12d39ebf276,,http://www.ederofficinanaturale.it/cavalese,, EDER OFFICINA NATURALE,cavalese@ederofficinanaturale.it,+39 (0462)235052,46.2911615719562,11.4610469341278,,,
48a4312c-c585-4346-a9d2-bf4464921eb4,negozio,FRANCO MODE,Via IX Novembre 2 - 38037 Predazzo (TN),"Abbigliamento Uomo, Donna, Bambino.
Orari: 8.30-12.00 , 15.30-19.00
chiuso: gioved","Clothing for Woman, Men and Children.
Opening time: 8.30 a.m.-12.00 a.m. , 3.30-7 p.m.
closed: Thursday",4e2ad127c65bcaf400276578,,http://,, FRANCO MODE,,+39 (0462)501050,46.3110707758028,11.6025280952454,,,
0f410d21-401f-4f0f-aea9-bff519722cec,noleggio,VUERICH SERVICE,Corso Dolomiti 23/b - 38037 Predazzo (TN),"Preparazione e Riparazione Sci
Orari: 8.30-12.00 , 14.30-18.30","Ski Preparation and Repair
Opening Time: 8.30 a.m.-12 p.m. , 2.30-6.30 p.m.",4e6e16d62271a8cac010db24,,http://www.vuerichservice.it,, VUERICH SERVICE,service@vuerichstefano.191.it,+39 (0462)501903,46.3145499,11.59859,,,
463c63dc-a1d7-42d9-9ac7-c01134f6ca6e,Prodotto enogatronomico,BIRRERIA FIEMME,"Via Colonia, 60 - 38030 Daiano","Birrificio
orari: 8.00-20.00
chiuso: domenica
","Brewery
opening tiem. 8 a.m.-8 p.m.
closed on Sunday",,+39 (0462)231312,http://www.birradifiemme.it,, BIRRERIA FIEMME,s.gilmozzi@birradifiemme.it,+39 (0462)479147,46.3035259,11.4504698,,,
f65427e8-ccfb-4e9e-a90b-c31c317a851a,negozio,SALONE MANUELA,via Chiesa 11 - 38033 Masi di Cavalese,"Parrucchiera Unisex
Orari: 8.00-12.00 , 14.00-19.00","Unisex Hair Stylist
Opening Time: 8 a.m.-12 p.m. , 2-7 p.m.",50e5de57e4b0d6ae6425193f,,http://,, SALONE MANUELA,,+39 (0039)231777,46.2834657554858,11.4847683906555,,,
ab8b578d-3a53-4923-8020-c337efa79957,negozio,FANTASY TOYS,"P.zza Scopoli,1 - 38033 Cavalese","Giocattoli e Articoli da Regalo
orari: 9.00-12.30 , 15.30-19.00
","Toys shop
opening time: 9 a.m.-12.30 p.m. , 3.30-7 p.m.",50f9600de0e2a0d070989160,,http://www.fantasytoys.bz.it,, FANTASY TOYS,info@fantasytoys.bz.it,+39 (0462)232292,46.2910392480702,11.4604568481445,,,
76789252-134b-4dc6-8529-c511aed7bcb0,negozio,ESTETICA MARY D.,Via Sorasass 16/b - 38038 Tesero,"Estetica, Solarium
Orari: 8.30-12.00 , 13.30-19.00
Chiuso: Domenica e Luned
","Beautician and Solarium
Opening Time: 8.30 a.m.-12 p.m. , 1.30-7 p.m.
Close: Sunday and Monday",,,http://,, ESTETICA MARY D.,,+39 (0462)814282,46.286979,11.516878,,,
579c3dbe-7ef6-4941-ab07-c535287e6a1e,negozio,DELIZIE WELPONER,Via Fratelli Bronzetti 27 - 38033 Cavalese,"Enoteca e Specialit Tipiche
Orari: 9.00-13.00 , 14.00-20.00
Chiuso: Domenica","Wine Shop and Tipical Specialities
Opening Time: 9 a.m.-1 p.m. , 4-8 p.m.
Close: Sunday",,,http://www.deliziewelponer.it,, DELIZIE WELPONER,info@deliziewelponer.it,+39 (0462)340252,46.2906092589092,11.4630532264709,,,
b8a755ad-de96-4932-b90d-c6d707c01939,Supermercato/minimarket,FAMIGLIA COOPERATIVA - VERONZA,Piazza Dolomiti 1 - 38033 Carano,"Supermercato
Orari: 7.30-12.00 , 16.30-19.00
 ","Supermarket
Opening Time: 7.30 a.m.-12 p.m. , 4.30-7 p.m.",50e1619de4b00e617a4bae6a,+39 (0462)342017,http://www.coopcavalese.it,, FAMIGLIA COOPERATIVA - VERONZA,veronza@coopcavalese.it,+39 (0462) 342017,46.2903757288985,11.433527469635,,,
7d86828f-a197-43e2-90be-c83eb5ce3a5f,negozio,OTTICA LA MUDA SPACCIO OCCHIALI,Via Nazionale 91 - 38030 Ziano di Fiemme,"Ottico e Produzione Occhiali
Orari: 9.30-12.00 , 15.30-19.00
Chiuso: Domenica e Gioved","Optician and Glasses Production
Opening Time: 9.30 a.m.-12 p.m. , 3.30-7 p.m.
Close: Sunday and Thursday",,,http://www.otticalamuda.it,+39 (0462)571257, OTTICA LA MUDA - SPACCIO OCCHIALI,lamudaziano@libero.it,+39 (0462)571257,46.2874917365359,11.565910577774,,,
7104216a-5b91-41cf-922e-c8841791094e,Supermercato/minimarket,FAMIGLIA COOPERATIVA - CENTRO ALIMENTARE,Via Nazionale 18 - 38030 Carano,"Supermercato, Casalinghi
Orario: 8.30-19.15","Supermarket, Little Home Forniture
Opening Time: 8.30 a.m.-7.15 p.m.",50f2b47172da143f8300352a,+39 (0462)230916,http://www.coopcavalese.it,, FAMIGLIA COOPERATIVA-CENTRO ALIMENTARE,info@coopcavalese.it,+39 (0462)342715,46.2873508692661,11.4444494247437,,,
f1c0a9c9-2c70-442a-a906-c90acb23276d,negozio,NONES SPORT,"Via Roma, 66 - 38030 Castello-Molina di Fiemme","abbigliamento e attrezzatura sportiva - noleggio bici/sci
orari: 8.30-12.00 , 15.30-19.00
chiusura: gioved e domenica - durante Mondiali: aperto tutti i giorni","sports swear and sports equipment shop and rent.
opening time: 8.30 a.m.-12 p.m. , 3.30-7 p.m.
closed on Thursday and Sunday. during  FIS Nordic World Ski Championships is open every day. 

",,+39 (0462)230188,http://www.nonessport.it,, NONES SPORT,info@nonessport.it,+39 (0462)230330,46.2852007449248,11.4390850067139,,,
464aa909-0557-4236-8203-cafcc2934f01,negozio,BOTTEGA DAL PAN,Via Roma 41/b - 38038 Tesero,"Panificio, Pasticceria, Pizzeria
Orari: 6.00-13.00 , 16.00-19.00
          Domenica 6.00-13.00","Beckery, Confectioner's, Pizzeria
Opening Time: 6 a.m.-13 p.m. , 4-7 p.m.
                        Sunday 6 a.m.-13.p.m.",50e44f11e4b0e42104801c19,,http://,, BOTTEGA DAL PAN,info@bottegadelpan.it,+39 (0462)813037,46.2888929754415,11.5111827850342,,,
e7f25418-c7c4-4fb4-a5f3-cbefc94f0e0d,negozio,DA RAFFAELLA,Via IX Novembre 6 - 38033 Cavalese,"Biancheria per la Casa
Orari: 8.30-12.00 , 15.00-19.00","Household Linen
Opening Time: 8.30 a.m.-12 p.m. , 3-7 p.m.",50e4562be4b0073ec89cd7e5,,http://,, DA RAFFAELLA,info@negozioraffaella.it,+39 (0462)341144,46.2925553036091,11.4576995372772,,,
23dbdcc5-74a1-45d0-a56a-d09aa0df46a3,negozio,AGO E FILO,Via Cesare Battisti 22 - 38037 Predazzo (TN),"Merceria
orari: 9.00-12.00 , 16.00-19.00
chiuso: gioved","Haberdashery shop
Opening time: 9.00 a.m.-12.00 a.m. , 4-7 p.m.
closed: Thursday",50ec30aefe706d20d3ede867,,http://,, AGO E FILO,agoefilo.predazzo@facebook.it,,46.3132198845288,11.6008329391479,,,
22f97ec4-7a81-4b69-a651-d3654a7c58ea,Gelateria / Pasticceria,COSE BUONE DA PAOLO,Piazza Scopoli 12 - 38033 Cavalese,"Pasticceria
Orari: 8.00-12.15 , 16.00-19.00","Confectioner's Shop
Opening Time: 8 a.m.-12.15 p.m. , 4-7 p.m.",50c9afc6e4b073809ae0d089,,http://www.cosebuonedapaolo.it,, COSE BUONE DA PAOLO,info@cosebuonedapaolo.it,+39 (0462)340266,46.2914210459614,11.4603710174561,,,
c2a5c0bb-36ee-42df-9f68-d4164bb966c3,Supermercato/minimarket,FAMIGLIA COPERATIVA MOLINA DI FIEMME,"Via Guglielmo Marconi, 23 - 38030 Castello-Molina di Fiemme","Supermercato
orari: 8.00-12.00 , 16.00-19.00
chiuso gioved pomeriggio e domenica
","Supermarket
opening time: 8 a.m.-12 p.m. , 4-7 p.m.
closed on Thursday afternoon and Sunday",,+39 (0462)248414,http://,, FAMIGLIA COPERATIVA MOLINA DI FIEMME,molina@coopcavalese.it,+39(0462)340068,46.273247,11.416193,,,
438093c1-bbb5-48e4-8fc0-d4a467ef6dc9,negozio,EL MAMA,Via dell'Artigianato - 38037 Predazzo (TN),"Ferramenta
orari: 8.00-12.00 , 15.30-19.00
Chiuso: gioved","Hardware store
Opening time: 8.00 a.m.-12.00 a.m. , 3.30-7 p.m.
closed: Thursday",,+39 (0462)507245,http://,, EL MAMA,ufficio@elmama.com,+39 (0462)501216,46.305994097686,11.5942561626434,,,
b5a60b79-bcc8-4e2c-984f-d58004967b1b,negozio,GIARDINO DELLE DOLOMITI,Pian delle Perlaie - 38033 Cavalese,"Garden Center
Orari: 8.30-12.30 , 14.30-19.00
          Festivo 9.30-12.30","Garden Center
Opening Time: 8.30 a.m.-12.30 p.m. , 2.30-7 p.m.
                        On Sundays: 9.30 a.m.-12.30 p.m.",,,http://,, GIARDINO DELLE DOLOMITI,info@oljmpiaflor.it,+39 (0462)340700,46.2930890637857,11.4774513244629,,,
eaf6d930-1288-49e3-a070-d610af29cce9,negozio,SISLEY,Via Fratelli Bronzetti 15 - 38033 Cavalese,"Abbigliamento Donna
Orari: 9.00-12.00 , 15.00-19.00","Woman Clothes Shop
Opening Time: 9 a.m.-12 p.m. , 3-7 p.m.",4e3da02345dd68e3273c3dae,,http://,, SISLEY,silvio@gardener.it,+39 (0462)340260,46.2911541583951,11.4611113071442,,,
416f573e-8e73-4bef-8167-d6e34ffcefdb,negozio,CARTOLERIA DELLAGIACOMA - PREDAZZO,Via Fiamme Gialle 54 - 38037 Predazzo (TN),"Cartoleria e idee regalo.
orario: 8.00-12.00 , 15.30-19.00
chiuso: domenica","Stationery and little gifts.
opening time: 8 a.m.-12 p.m. , 3.30-7 p.m.
closed: Sunday",4e2ec9221495329632fd6957,,http://www.dellagiacoma.org,, CARTOLERIA DELLAGIACOMA ,amministrazione@dellagiacoma.org,+39 (0462)501834,46.3037446452519,11.5937519073486,,,
5c205fe1-66ee-4939-9b19-d78bc958e8cd,negozio,CASALINGHI MORANDINI,Via Trento 32 - 38037 Predazzo (TN),"Casalinghi, articoli da regalo.
Orari: 8.30-12.00 , 15.30-19.00
Chiuso: gioved","Housewares, gifts.
Opening Time: 8.30 a.m.-12.00 a.m. , 3.30-7 p.m.
Closed: Thursday",,,http://www.casalinghimorandini.it,, CASALINGHI MORANDINI,casalinghimorandini@gmail.com,+39 (0462)501460,46.3096034048144,11.6018199920654,,,
452685c7-fcc9-494b-8faa-da5f4020fbfc,Supermercato/minimarket,SUPERMERCATI POLI REGINA,Via Ischia 7 - 38030 Ziano di Fiemme,"Supermercato, Casalinghi, Giocattoli
Orari: 8.30-12.30 , 15.15-19.15","Supermarket, Little Home Forniture, Toys
Opening Time: 8.30 a.m.-12.30 p.m. , 3.15-7.15 p.m.",50fc6093c84cbb952eef8707,,http://www.superpoli.it,, SUPERMERCATI POLI REGINA,,+39 (0462)571872,46.2825463370991,11.552402973175,,,
963c2537-3772-4e23-913f-dab2af976fec,negozio,LA BOTTEGA DELLE ERBE,Via IX Novembre 8 - 38037 Predazzo (TN),"Erboristeria
orari: 9.00-12.30 , 16.00-19.30
chiuso: gioved pomeriggio","Herbalist's shop
Opening time: 9.00 a.m. - 12.30 a.m. , 4-7.30 p.m.
closed: Thursday afternoon",,,http://,, LA BOTTEGA DELLE ERBE,info@bottegadelleerbe.com,+39 (0462)502484,46.3110309423876,11.6028016805649,,,
323f2f05-97a8-49ae-88eb-dd0b13e14ef3,Prodotto di artigianato locale,ARTISTICA FELIX - TESERO,Via Roma 70 - 38038 Tesero,"Sculture e Souvenirs
Orari: 8.30-12.00 , 15.00-19.00
Chiuso: Domenica","Sculptures and Souvenirs
Opening Time: 8.30 a.m.-12 p.m. , 3-7 p.m.
Close: Sunday",50e86415ebcaea3d7efd193c,,http://,, ARTISTICA FELIX,artisticafelix@tiscali.it,+39 (0462)813159,46.2886260755564,11.5112900733948,,,
cae18200-ee12-4976-a725-dd36c57aac8f,Supermercato/minimarket,FAMIGLIA COOPERATIVA - PANCHIA',"Via Nazionale, 27/A - 38030 Panchi","Supermercato
orari: 8.00-12.15 , 16.00-19.00
chiuso: marted e gioved pomeriggio e la domenica","Supermarket
openig time: 8 a.m.-12.15 p.m. , 4-7 p.m.
closed on Tursday and Thursday afternoon and Sunday.",50fc12eee4b05d912e367fd8,+39 (0462)813078,http://www.fcvalfiemme.it,, FAMIGLIA COOPERATIVA - PANCHIA',,+39 (0462)813078,46.285615,11.542551,,,
3650b0f6-9fc7-4a20-83b1-ddb2c4bf0aa9,Gelateria / Pasticceria,FIOR DI BOSCO,Via Garibaldi 7 - 38037 Predazzo (TN),"Pasticceria, cioccolateria, miele.
Orari: 7.30-12.30 , 16-19
chiuso: gioved mattina","Pastry, Chocolate, Honey
Opening time: 7.30 a.m.-12.30 a.m. , 4-7 p.m.
Closed: Thursday morning",4f7dc093e4b09c3e2f20de76,,http://www.fiordibosco.it,, FIOR DI BOSCO,info@fiordibosco.it,+39 (0462)502474,46.31161,11.60185,,,
6e25fe63-acb6-4c8b-a31d-df8ffcc1a02c,Supermercato/minimarket,EUROSPAR,Loc. Piera 2/a - 38038 Tesero,"Supermercato
Orari: luned-venerd 8.30-19.00(continuato), sabato 08.30-19.30,durante i mondiali: aperto anche la domenica 15.30-19.00
Chiuso: domenica (mai durante i mondiali)",,50e87808ebcaea3d7f1b31ed,,http://www.sparzanon.it,, EUROSPAR,eurospar@sparzanon.it,+39 (0462)814569,46.2926739174312,11.4904546737671,,,
dcb338d0-0bcb-43e4-b66e-e01f4d2339ee,negozio,PANIFICIO TARTER,"Via Giovannelli A., 45 - 38033 Carano","Panificio
orari: 6.30-12.30
chiuso domenica","Bakery
opening time: 6.30 a.m.-12.30 p.m.
closed on Sunday
",50f2fd43183f7e024dd26ff7,,http://,, PANIFICIO TARTER,,+39 (0462)342689,46.291582,11.439746,,,
6586dc65-dc73-4564-bac8-e0557a3b2824,Supermercato/minimarket,SUPERMERCATI POLI,Via Fiamme Gialle 56 - 38037 Predazzo (TN),"Supermercato
Orari:8.30-19.15
Chiuso: domenica","Supermarket
Opening Time: 8.30 a.m. , 7.15 p.m.
Closed: Sunday",4f028d0b61af974bd09793d8,+39 (0462)501155 ,http://,, SUPERMERCATI POLI,,+39 (0462)501229,46.3036149375978,11.5934944152832,,,
8101af82-4d30-4e8d-8623-e1a312c4e515,negozio,MAGLIFICIO ANNAMARIA,Via Roma 16/B - 38037 Predazzo (TN),"Spaccio aziendale abbigliamento Donna, Uomo, Bambino.
orari: 9.15-12.15 , 16.00-19.00
Chiuso: gioved","Factory Outlet clothing Woman, Men and Children.
Opening Time: 9.15 a.m.-12.15 a.m. , 4-7 p.m.
Closed: Thursday",50f81fb1e4b054f60384025f,,http://,, MAGLIFICIO ANNAMARIA,,+39 (0462)501548,46.3111522952598,11.6024315357208,,,
40abc983-196e-4c91-a49d-e1a6eaaefe51,negozio,GARDENER CALZATURE,Via Roma 26 - 38037 Predazzo (TN),"Calzature.
Orari: 8.30-12.30 , 16.00-19.00
Chiuso: gioved","Footwear.
Opening Time: 8.30 a.m.-12.30 a.m. , 4-7 p.m.
Closed: Thursday",4f19a103e4b04025408b6d17,,http://,, GARDENER CALZATURE,info@gardener.it,+39 (0462)502633,46.3109818453476,11.6025066375732,,,
cf16d638-6f06-41b4-9fba-e240476af79b,negozio,RIVENDITA PANE E LATTE,Via Fia 14 - 38038 Tesero,"Panificio
Orari: 7.00-12.30
          Sabato 7.00-12.30 , 16.00-19.00
Chiuso: Domenica","Backery
Opening Time: 7 a.m.-12.30 p.m. 
                        Saturday 7 a.m.-12.30 p.m. , 4-7 p.m.
Close: Sunday",50e95fff1648f444d3b9d62b,,http://,, RIVENDITA PANE E LATTE,,+39 (0462)814150,46.2898789,11.512401,,,
530075e6-2c7e-497e-a828-e2a45dce09fe,negozio,SVAI SPA,Via Venzan 13 - 38030 Panchi,"Filiale di vendita all'ingrosso di impianti idraulici e termoidraulici e materiali di arredo bagno
Orari: lun-ven 8.00-12.00, 14.00-18.30
Chiuso: sabato e domenica",,,,http://,, SVAI SPA,,+39 (0462)810040,46.2871284465238,11.531503200531,,,
79c0e769-22cc-409d-a960-e3031e44c2c7,negozio,OTTICA CONSUELO,Piazz aVerdi 2 - 380330 CAVALESE,"Ottico e Lenti a Contatto
Orari: 9.00-12.00 , 16.00-19.00","Optician and Contact Lenses
Opening Time: 9 a.m.-12 p.m. , 4-7 p.m.",50df0e50e4b0b781a034ea5d,,http://,, OTTICA CONSUELO,otticaconsuelo@virgilio.it,+39 (0462)231385,46.291065195584,11.46071434021,,,
fcf791fc-a2c1-4b57-9ab6-e381e822c10c,negozio,FUORI DI TESTA,Piazza cesare Battisti 6/a - 38038 Tesero,"Parrucchiera Unisex, Estetica, Solarium
Orari: Marted, Gioved, Venerd 9.00-12.00 , 14.00-19.00
          Mercoled 9.00-12.00 , 17.00-22.00
          Sabato 9.00-17.00
Chiuso: Domenica e Luned","Unisex Hair Stylist, Beautician, Solarium
Opening Time: Tuesday, Thursday, Friday 9 a.m.-12 p.m. , 2-7 p.m.
                        Wednesday 9 a.m.-12 p.m. , 5-10 p.m.
                        Saturday 9 a.m.-5 p.m.
Close: Sunday and Monday",50e87be5011c06dc4202e9c6,,http://,, FUORI DI TESTA,,+39 (0462)813047,46.2885074529678,11.5106248855591,,,
6c2068ac-6101-4cb4-a0d9-e399f21fcc88,negozio,TOMASELLI,Loc.Piera 1/b - 38038 Tesero,"Elettrodomestici, Telefonia, Casalinghi, Vodafone You Center
Orari: 8.30-12.00 , 15.30-19.30
Chiuso: Domenica e Gioved","Domestic Appliance, Telephony, Little Home Forniture, Vodafone You Center
Opening Time: 8.30 a.m.-12 p.m. , 3.30-7.30 p.m.
Close: Sunday and Thursday",,,http://,, TOMASELLI,marco@eptomaselli.com,+39 (0462)814744,46.2902126279831,11.4936089515686,,,
48192f5b-22d7-405e-89cb-e3fd02687848,negozio,CENTRO SOLE ESTETICA DONATELLA,Piazza Scopoli 9 - 38033 Cavalese,"Estetica, Massaggi, Solarium
Orari: 9.00-12.30 , 14.30-19.30
          Mercoled e Venerd 9.00-18.00","Beauty Specialist, Massage Parlour, Solarium
Opening Time: 9 a.m.-12.30 p.m. , 2.30-7.30 p.m.
                        Wednesday and Friday 9 a.m.-6 p.m.",,,http://,, CENTRO ESTETICA DONATELLA,,+39 (0039)232479,46.2912208804086,11.4602637290955,,,
3105fbe7-8f17-4bdf-a711-e520d164e7ed,negozio,SALONE LORY,Via Venezia 3 - 38037 Predazzo (TN),"Parrucchiera Uomo e Donna su Appuntamento
Orari: 8.30-12.00 , 14.30-19.00","Unisex Hair Stylist
Opening Time: 8.30 a.m.-12 p.m. , 2.30-7 p.m. ",50f82aa1e4b0fff62923abe2,,http://,, SALONE LORY,,+39 (0462)501933,46.31176,11.605,,,
f50a624b-2cc3-45f3-88c6-e6a65da56b16,negozio,PANIFICIO BETTA,"Via Roma, 58 - 38038   TESERO","Panificio, pasticceria, pizzeria
Orari:7.30-12.30, 16.00-19.00
Chiuso:marted e gioved pomeriggio e domenica (in stagione sempre aperto)",,4e3aac90d164c429b72d35de,,http://,, PANIFICIO BETTA,info@botegadalpan.it,+39 (0462)810055,46.2893971161205,11.5099489688873,,,
0c0840e7-5f9b-4ad6-8867-e6dc50b00daf,Supermercato/minimarket,FAMIGLIA COOPERATIVA - BELLAMONTE,Via Prai de Mont - 38037 Bellamonte (TN),"Supermercato
Orari: 8.00-12.15 , 16.00-19.00
","Supermarket
Opening Time: 8.00 a.m.-12.15 a.m. , 4-7 p.m.",,,http://,, FAMIGLIA COOPERATIVA - BELLAMONTE,,+39 (0462)577034,46.31341,11.66114,,,
78121e54-db8f-4b56-90b7-e765fa9b340e,negozio,VANITY,Via IX Novwembre 7 - 38037 Predazzo (TN),"Abbigliamento intimo, accessori, biancheria.
Orari: 9.00-12.00 , 15.30-19.00
Chiuso: gioved","Intimate apparel, accessories.
Opening Time: 9.00 a.m.-12.00 a.m. , 3.30-7 p.m.
Closed: Thursday",,,http://,, VANITY,ligueropredazzo@yahoo.it,+39 (0462)502272,46.311218992907,11.6032093763351,,,
ef2ea6d3-de24-4ce7-bab5-e854cff1d2c0,negozio,SALONE ELIANA,Via Verdi 5 - 38037 Predazzo (TN),"Parrucchiera Unisex
Orari: Marted e Gioved e Venerd 8.30-19.00
          Mercoled e Sabato 8.30-17.00
          
          ","Unisex Hair Stylist
Opening Time: Tuesday, Thuersday and Friday 8.30 a.m.-7 p.m.
                        Wednesday and Saturday 8.30 a.m.-5 p.m.",50f82a4ee4b05257119fc25c,,http://,, SALONE ELIANA,salone.eliana@gmail.com,+39 (0462)502131,46.3140186,11.6010898,,,
478ff7b5-edc2-46b2-94c7-e91efc7ac4b8,negozio,SALONE GIULY,"Via Nazionale, 82 - 38030 Ziano di Fiemme","Parrucchiera unisex
orari: venerd-sabato 10.00-18.00 solo su appuntamento","unisex Hairstylist
opening time: friday- saturday 10 a.m.-8 p.m. only on request",50fc71a8c84cbb952f085f99,,http://,, SALONE GIULY,,,46.2871243,11.5647765,,,
3d39e756-1d44-4e24-9df7-ea5c3022c881,negozio,FREE LIVE SPORT,"c/o Center Plaza, via Cauriol - 38033 Cavalese","Abbigliamento Casual & Sport
Orari: 9.00-12.30 , 15.30-19.30","Casual & Sport Clothes
Opening Time: 9 a.m.-12.30 p.m. , 3.30-7.30 p.m.",,,http://www.sportventura.it,, FREE LIVE SPORT,info@freelivesport.it,+39 (0462)340985,46.2913988053805,11.4623880386353,,,
735b8fe4-7187-4461-a5ed-eac01fe15fcc,negozio,RIVENDITA GIORNALI E RIVISTE,Piazza Alcide Degasperi - 38030 Daiano,,,50dc475fe4b00f04efa92429,,http://,, RIVENDITA GIORNALI E RIVISTE,,+39 (0462)231058,46.3005463354658,11.447582244873,,,
0b72c759-d546-4336-8c11-ec00bb308e62,Supermercato/minimarket,FAMIGLIA COOPERATIVA DAIANO,"Via S.Tommaso, 8 - 38030 Daiano","Supermercato
orari: 7.3012.00 , 16.3019.00
chiuso: luned e giovad, pomeriggio","Supermarket
opening time   7.30 a.m. 12 p.m. , 4.30  7 p.m.
closed on Monday and Thursday afternoon",50dc5080e4b00f04efebc4ee,+39 (0462)248491,http://www.coopcavalese.it,, FAMIGLIA COOPERATIVA DAIANO,daiano@coopcavalese.it,+39 (0462)235586,46.3001015962498,11.4484405517578,,,
e2665182-93f2-4806-ba0d-ed741ea4e43a,negozio,MANDACARU',Via Garibaldi 36/a - 38037 Predazzo (TN),"Altro-mercato, prodotti equo-solidale
Orari: 9.00-12.00, 16.00-19.00
chiuso: gioved
","Altromercato, fairtrade products
Opening time: 9.00 a.m.-12.00 a.m. , 4-7 p.m.
closed: Thursday",,,http://,, MANDACARU',,+39 (0462) 500000,46.3115469218236,11.6016188263893,,,
f6fcd0ca-6122-42a8-b82b-eede23563e20,Prodotto enogatronomico,MACELLERIA DAGOSTIN,"P.zza Mercato, 1  - 38030 Varena","Macelleria
orari: 8.00-12.00 , 16.00-19.00 
chiuso gioved e domenica (non in stagione)","Butcher shop
opening time: 8 a.m.-12 p.m. , 4-7 p.m.
closed on Thursday and sunday (not in winter/summer season) ",4e42432162843d3dc35bd5d3,,http://,, MACELLERIA DAGOSTIN,dagostin@dagostin.it,+39 (0462)340422,46.303755,11.456268,,,
946c2f11-6d1f-4442-bde6-ef10c62ebaa5,negozio,VANITY HOUSE,Piazza Scopoli 1 - 38033 Cavalese,"Estetica,Massaggi,Abbronzatura,Trucco Permanente,Ricostruzione Unghie
Orari: Marted,Gioved,Venerd 9.00-12.00 , 14.00-20.00
          Mercoled 9.00-18.00
          Sabato 9.00-12.00 , 14.00-19.00
          Domenica 15.00-19.00
","Beauty Specialist, Massage Parlour, Solarium, Permanent Makeup, Nail Art
Opening Time: Tuesrsday, Thursday, Friday 9 a.m-12 p.m. , 2-8 p.m.
                        Wednesday 9 a.m.-6 p.m.
                        Saturday 9 a.m.-12 p.m. , 2-7 p.m.
                        Sunday 3-7 p.m.",4efc86b90aafc586950306b5,,http://,, VANITY HOUSE,esteticavanityhouse@hotmail.it,+39 (0462)235715,46.2909539918669,11.4603066444397,,,
7c7997e9-1fe4-46fc-adec-efbb760f3509,negozio,TENTAZIONI,Via Roma 22 - 38037 Predazzo (TN),"Articoli regalo, oggettistica Thun, artigianato locale.
Orari: 9.00-12.00 , 16.00-19.00
Chiuso: gioved","Gifts, Gifts-Thun, Local Crafts.
Opening Time: 9.00 a.m.-12.00 a.m. , 4-7 p.m.
Closed: Thursday",,,http://www.tentazionipredazzo.com,+39 (0462) 502269, TENTAZIONI,,+39 (0462) 502269,46.311093008394,11.6023671627045,,,
a794f47b-5c52-4cbc-ae3c-f15a4e777bfa,negozio,LOOK IN MOTION,Via Fiamme Gialle 12 - 38037 Predazzo (TN),"Parrucchiere Unisex
Orari: Marted 13.00-22.30
          Mercoled 9.00-12.00 , 14.00-19.30
          Gioved, Venerd e Sabato 9.00-17.00 
          Venerd senza appuntamento
          ","Unisex Hair Stylist
Opening Time: Tuesday 1 p.m.-10.30 p.m.
                        Wednesday 9 a.m.-12 p.m. , 2.7.30 p.m.
                        Thursday, Friday and Saturday 9 a.m.-5 p.m.
                        Friday without appointment",,,http://www.lookinmotion.it,, LOOK IN MOTION,info@lookinmotion.it,+39 (328)8760055,46.3087628,11.6016189,,,
a39dc4d2-8dba-4fa1-8470-f3ada0a8b8fd,Prodotto enogatronomico,MASO DELLO SPECK,Via Pozze di Sopra 2 - 38030 Daiano,"Produzione artigianale di Speck e salumi della Valle di Fiemme, aromatizzati e affumicati secondo antiche ricette.
Vi aspettiamo presso il nostro Maso dove potrete, oltre che acquistare prodotti genuini, fermarvi ad assaporare piatti tipici della cucina locale nel nostro agriturismo.
Aperto tutti i giorni .","Homemade production of Speck and local cured meat products of the Fiemme Valley, seasoned and smoked according to ancient recipes.
We would like to welcome you at our ""Maso""   where you can enjoy our authentic local dishes and buy our fresh products.
Open every day ",,+39 (0462)232982 ,http://www.titospeck.it,, MASO DELLO SPECK,info@titospeck.it,+39 (0462)342244,46.3053641120888,11.4361238479614,Maso dello Speck Daiano Val di Fiemme,Maso dello Speck Daiano Val di Fiemme,http://interface.deskline.net/Handlers/Document?code=TRN&id=d153e014-b95c-4263-9d9c-e7959e0f4536
2373f253-0cb2-44fb-8f99-f3b805bf849a,Supermercato/minimarket,DELVAI MARKET,"Via Giovannelli A., 43 - 38033 Carano","Alimentari/Ortofrutta/Tabacchi/Edicola/Ricevitoria/Lottomatica
orari: 7.00-12.00 , 16.00-19.00
chiuso domenica pomeriggio","Supermarket / Newspaper and Tobacco's shop
opening time: 7 a.m.-12 p.m. , 4-7 p.m.
closed on Sunday afternoon",50f2b17f39506257c4acb10e,,http://,, DELVAI MARKET,diego.caresia@virgilio.it,+39 (0462)340114,46.291623,11.439793,,,
bdac9d67-1713-4451-9dde-f3d7a482df75,negozio,MODERN HAIR STUDIO - SALONE STEFANIA,Via Nazionale 11 - 38030 Ziano di Fiemme,"Parrucchiera Unisex
Orari: 8.00-11.30 , 14.00-18.30
Chiuso: Domenica e Luned","Unisex Hair Stylist
Opening Time: 8-11.30 a.m. , 2-6.30 p.m.
Close: Sunday and Monday",50fc710ac84cbb952f077ade,,http://,, MODERN HAIR STUDIO - SALONE STEFANIA,,+39 (0462)571502,46.2869318,11.5625681,,,
776488fb-101b-4ded-be87-f3e21ae23185,negozio,L'ESSENZA,Via Venzan 13 - 38030 Panchi,"Estetica
Orari:marted-sabato 9.00-12.00, 14.00-19.00
Chiuso:domenica e luned",,,,http://,, L'ESSENZA,,+39 (0462)810096,46.2872915566231,11.5310096740723,,,
16891608-70c2-4a5e-b8f5-f440de3f0834,negozio,EUFORIA,Via IV Novembre 24 - 38038 Tesero,"Intimo
Orari: 9.00-12.30 , 16.00-19.30
Chiuso: Domenica e Gioved","Underwear
Opening Time: 9 a.m.-12.30 p.m. , 4-7.30 p.m.
Close: Sunday and Thursday",50e876e4ebcaea3d7f197774,,http://,, EUFORIA,,+39 (0462)813403,46.2891747016871,11.5119981765747,,,
e74d2e07-298b-4304-b09c-f566bda1fde8,negozio,SALONE ALMA,Via Alberti 8 - 38033 Cavalese,"Parrucchiera Unisex
Orari: 8.30-18.30","Unisex Hair Stylist
Opening Time: 8.30 a.m-6.30 p.m.",50f6dad6fe7096f29a4b5754,,http://,, SALONE ALMA,,+39 (0039)340486,46.29212,11.46025,,,
5c6ef7cd-5699-4fbf-acdf-f59415f024f5,negozio,VARESCO SPORT,Via Prai de Mont 10 - 38037 Bellamonte (TN),"Articoli sportivi/souvenirs.
Orari: 8.30-12.30 , 16.00-19.30
Chiuso: -","Sports/Souveniers
Opening Time: 8.30 a.m.-12.30 a.m. , 4-7.30 p.m.
Closed: -",,,http://,, ARTICOLI SPORTIVI DI VARESCO MARIO,sportvaresco@tiscali.it,+39 (0462)576063,46.31329,11.6614,,,
4e3e202b-ee7b-49ed-980c-f59db5dca421,negozio,L'ALTRO GHIOTTONE,"Via F.lli Bronzetti,10 - 38033 Cavalese","T - Infusi - Tisane - Cioccolato - Vendita t sfuso pi di 150 tipi
orari: 9.00-13.00 , 16.00-20.00
","Tea Shop
opening time: 9 a.m.-1 p.m. , 4-8 pm. 
",50dc3014e4b09036bd70e18c,,http://,, L'ALTRO GHIOTTONE,,+39 (0462)871161 ,46.2911689855162,11.4611005783081,,,
c65bb0be-badf-4be8-8bb4-f92e04846d90,negozio,JEANS STORE,Piazza Cesare Battisti 14 - 38033 Cavalese,"Abbigliamento Donna
Orario: 9.00-12.30 , 16.00-19.30
            Festivi 10.00-12.00 , 17.00-19.00","Women Clothes Shop
Opening Time: 9 a.m.-12.30 p.m. , 4-7.30 p.m.
                        Sundays: 10 a.m.-12.30 p.m. , 5-7 p.m.",50e4627fe4b0c48b7ad317f3,,http://,, JEANS STORE,jeanstore17@gmail.com,+39 (0462)230712,46.2915248352192,11.460188627243,,,
31121ef8-0896-439d-95f3-fab18a23e09c,negozio,PANIFICIO TARTER,"Via Roma, 14 - 38030 Castello-Molina di Fiemme","Panificio
orari: lun-gio 7.00-12.30; ven-sab 16.30-19.00
chiuso domenica","Bakery
opening time: monday- thursday 7 a.m.-12.30 p.m. / friday-saturday 4.30-7 p.m.
closed on Sunday


",50f2fd43183f7e024dd26ff7,,http://,, PANIFICIO TARTER,,+39 (0462)230421,46.2800326871115,11.4342141151428,,,
8afcdd83-3e5a-4720-96c4-fac2d512a19b,Caseificio,CASEIFICIO SOCIALE VAL DI FIEMME,Via Nazionale 8 - 38033 Carano,"Produzione e Vendita Formaggio
Orari: 8.00-12.00 , 15.30-19.00","Cheese Factory
Opening Time: 8 a.m.-12 p.m. , 3.30-7 p.m.",,,http://www.cascavalese.it,, CASEIFICIO SOCIALE VAL DI FIEMME,info@cascavalese.it,+39 (0462)340284,46.2873508692661,11.4420032501221,,,
ae46f9c8-d613-4dc9-810a-fb989c3c594c,negozio,BONITO,Via Cavallaia 18 - 38033 Cavalese,"Negozio abbigliamento bambini 0-18
Orari:9.00-12.00, 15.30-19.00
Chiuso:gioved e domenica (in stagione mai)",,50f46a1e29a62edf0973a1e3,,http://,, BONITO,pasquale.59@teletu.it,+39 (331)8144088,46.29024,11.45843,,,
84038441-e655-4522-ac93-fbb8ce887e6f,negozio,CENTRO ESTETICO SOLE ORNELLA,Via Marconi 12 - 38037 Predazzo (TN),"Estetica e Osteopatia
Orari: 9.00-12.00 , 14.00-19.00","Beautician and Osteopathy
Opening Time: 9 a.m.-12 p.m. , 2-7 p.m.",,,http://www.ornellaestetista.it,, CENTRO ESTETICO SOLE ORNELLA,info@ornellaestetista.it,+39 (0462)501402,46.30918,11.60282,,,
d9fcc4c4-824d-4e5d-ab1a-fca1b16258c5,negozio,NONES SPORT - INTERSPORT,"P.zza Cesare Battisti, 5 - 38033 Cavalese","Abbigliamento sportivo
orari: 8.30-12.00 , 15.30-19.30","sportswear shop
opening time: 8.30 a.m.-12 p.m. , 3.30-7.30 p.m.",50e45d73e4b09f5ea6c8d3be,,http://www.nonesport.it,, NONES SPORT - INTERSPORT,info@nonesport.it,+39 (0462)230645,46.291676,11.459151,,,
db0358aa-9c44-4340-8d54-fcd974a5fe2e,negozio,SALONE KARIN,"Via Nazionale, 1/F - 38030 Panchi","Parrucchiera
orari: 8.30-12.00 , 15.00-19.30 / gioved e sabato orario continuato 8.30-17.00
chiuso luned e domenica","Hairstylist
opening time: 8.30 a.m.-12 p.m. , 3-7.30 p.m. / On Thursday and Saturday: 8.30 a.m.-5 p.m.
closed on Monday and Sunday

",50fc1847e4b0b3dba4dabd15,,http://,, SALONE KARIN,salonekarin@hotmail.it,+39 (0462)814421 ,46.2855121474694,11.5459871292114,,,
6a5cc95b-8594-4e54-89cc-fd524cf034ae,negozio,PANIFICIO TARTER,"Via Scuole vecchie, 3 - 38030 Varena","Panificio
orari: 6.30-12.30
chiuso domenica","Bakery
opening time: 6.30 a.m.-12.30 p.m.
closed on Sunday",50dacdd8e4b004dcf75e4100,,http://,, PANIFICIO TARTER,,+39 (0462)230310,46.3033207,11.4567399,,,
62473072-b848-4841-8f1d-fdce168861f9,negozio,ERBORISTERIA LA SORGENTE,Via Nazionale 12 - 38033 Carano,"Erboristeria
Orari: 9.00-12.00 , 16.00-19.00
Chiuso: Gioved","Herbalist's Shop
Opening Time: 9 a.m.-12 p.m. , 4-7 p.m.
Close: Thursday",50f2b29e72da143f82fdbeaf,,http://www.erboristerialasorgente.it,, ERBORISTERIA LA SORGENTE,info@erboristerialasorgente.it,+39 (0462)232371,46.2876177753648,11.4438056945801,,,
ef8b70bc-1e1f-415c-8fb3-ff659e43c5c0,negozio,PARTELETTRICA,Via Fiamme Gialle 64 - 38037 Predazzo (TN),"Elettronica, apparecchi radio, tv, illuminazione.
Orari: 8-12 , 15.30-19.00
chiuso: Gioved


","Electronics, radios, tv, lighting
Opening timei: 8 a.m.- 12 p.m. , 3.30-7 p.m
Clodes: Thursday
",50f822d8e4b0b059f4cab293,,http://,, PARTELETTRICA,partel@tin.it,+39 (0462)501299,46.3028218612577,11.5919709205627,,,
8b5f4f01-543c-430f-9cd7-ffa05dfb7f40,negozio,CARTOLERIA DEFLORIAN,Via Roma 78 - 38038 Tesero,"Cartolibreria, Edicola, Articoli Regalo
Orari: 7.00-12.30 , 15.30-19.30
","Bookshop, Newspapers, Gifts
Opening Time: 7 a.m.-12.30 p.m. , 3.30-7.30 p.m.",,,http://www.deflocart.com,, CARTOLERIA DEFLORIAN,info@deflocart.com,+39 (0462)813115,46.2886409033619,11.511332988739,,,
